05-07-2026 19:01:58 INFO  ============= Test Suite Started =============
05-07-2026 19:02:11 INFO  Browser Launched Successfully
05-07-2026 19:02:11 INFO  Browser : chrome
05-07-2026 19:02:11 INFO  Upcoming Bikes Validation Started
05-07-2026 19:02:13 INFO  Upcoming Bikes Menu Clicked Successfully
05-07-2026 19:02:14 INFO  Upcoming Bikes Page Loaded Successfully
05-07-2026 19:02:14 INFO  Honda Manufacturer Filter Validation Started
05-07-2026 19:02:14 INFO  Scrolled To Upcoming Bikes By Brand Section
05-07-2026 19:02:17 INFO  Honda Brand Clicked Successfully
05-07-2026 19:02:17 INFO  Honda Bikes Page Loaded Successfully
05-07-2026 19:02:25 INFO  Honda Bike Details Written To Excel Successfully
05-07-2026 19:02:25 INFO  Under 4 Lakhs Bikes Validation Started
05-07-2026 19:02:31 INFO  Under 4 Lakhs Bikes Written To Excel Successfully
05-07-2026 19:02:31 INFO  Popular Bikes Validation Started
05-07-2026 19:02:31 INFO  Bike Name : Hero Splendor Plus
05-07-2026 19:02:31 INFO  Price : Rs. 77,557
05-07-2026 19:02:31 INFO  =================================
05-07-2026 19:02:31 INFO  Bike Name : Royal Enfield Classic 350
05-07-2026 19:02:31 INFO  Price : Rs. 1.87 Lakh
05-07-2026 19:02:31 INFO  =================================
05-07-2026 19:02:31 INFO  Bike Name : Yamaha R15 V4
05-07-2026 19:02:31 INFO  Price : Rs. 1.71 Lakh
05-07-2026 19:02:31 INFO  =================================
05-07-2026 19:02:32 INFO  Bike Name : TVS Raider
05-07-2026 19:02:32 INFO  Price : Rs. 82,860
05-07-2026 19:02:32 INFO  =================================
05-07-2026 19:02:32 INFO  Bike Name : Royal Enfield Bullet 350
05-07-2026 19:02:32 INFO  Price : Rs. 1.66 Lakh
05-07-2026 19:02:32 INFO  =================================
05-07-2026 19:02:32 INFO  Popular Bikes Printed Successfully
05-07-2026 19:02:32 INFO  Scooters Only Validation Started
05-07-2026 19:02:32 INFO  Scooters Only Filter Clicked Successfully
05-07-2026 19:02:32 INFO  Honda ADV 160
Rs. 1.55 Lakh
Expected Launch : Dec 2026
Alert Me When Launched
05-07-2026 19:02:32 INFO  ================================
05-07-2026 19:02:32 INFO  Honda Forza 350
Rs. 3.70 Lakh
Expected Launch : Unrevealed
Alert Me When Launched
05-07-2026 19:02:32 INFO  ================================
05-07-2026 19:02:32 INFO  Honda PCX160
Rs. 1.20 Lakh
Expected Launch : Unrevealed
Alert Me When Launched
05-07-2026 19:02:32 INFO  ================================
05-07-2026 19:02:32 INFO  Honda Motocompacto
Price To Be Announced
Expected Launch : Unrevealed
Alert Me When Launched
05-07-2026 19:02:32 INFO  ================================
05-07-2026 19:02:32 INFO  Honda Activa 7G
Rs. 79,000
Expected Launch : Unrevealed
Alert Me When Launched
05-07-2026 19:02:32 INFO  ================================
05-07-2026 19:02:32 INFO  Honda SH125i
Price To Be Announced
Expected Launch : Unrevealed
Alert Me When Launched
05-07-2026 19:02:32 INFO  ================================
05-07-2026 19:02:32 INFO  Scooters Details Printed Successfully
05-07-2026 19:02:32 INFO  Alert Me Button Validation Started
05-07-2026 19:02:33 INFO  Alert Me Button Clicked Successfully
05-07-2026 19:02:34 INFO  Pincode Entered Successfully
05-07-2026 19:02:35 INFO  Pincode Suggestion Selected Successfully
05-07-2026 19:02:35 INFO  Full Name Entered Successfully
05-07-2026 19:02:36 INFO  Mobile Number Entered Successfully
05-07-2026 19:02:36 INFO  OTP Field Displayed Successfully
05-07-2026 19:02:37 INFO  Popup Closed Successfully
05-07-2026 19:02:37 INFO  Upcoming Bikes By Body Type Validation Started
05-07-2026 19:02:37 INFO  Scrolled To Upcoming Bikes By Body Type Section
05-07-2026 19:02:37 INFO  Body Type : Cruiser
05-07-2026 19:02:37 INFO  ==============================
05-07-2026 19:02:37 INFO  Body Type : Commuter
05-07-2026 19:02:37 INFO  ==============================
05-07-2026 19:02:37 INFO  Body Type : Scooters
05-07-2026 19:02:37 INFO  ==============================
05-07-2026 19:02:37 INFO  Body Type : Sports
05-07-2026 19:02:37 INFO  ==============================
05-07-2026 19:02:37 INFO  Body Type : Electric
05-07-2026 19:02:37 INFO  ==============================
05-07-2026 19:02:37 INFO  Upcoming Bikes By Body Type Printed Successfully
05-07-2026 19:02:37 INFO  Upcoming Honda Bikes FAQs Validation Started
05-07-2026 19:02:37 INFO  Scrolled To Upcoming Honda Bikes FAQs Section
05-07-2026 19:02:37 INFO  FAQ : What are the upcoming honda bikes in India 2026?
05-07-2026 19:02:37 INFO  ================================
05-07-2026 19:02:37 INFO  FAQ : What are the upcoming honda commuter bikes in India?
05-07-2026 19:02:37 INFO  ================================
05-07-2026 19:02:37 INFO  FAQ : What are the upcoming honda scooters in India?
05-07-2026 19:02:37 INFO  ================================
05-07-2026 19:02:37 INFO  FAQ : What are the upcoming honda sports bikes in India?
05-07-2026 19:02:37 INFO  ================================
05-07-2026 19:02:37 INFO  FAQ : What are the upcoming honda cruiser bikes in India?
05-07-2026 19:02:37 INFO  ================================
05-07-2026 19:02:37 INFO  FAQ : What are the upcoming honda bikes under 1 lakh?
05-07-2026 19:02:37 INFO  ================================
05-07-2026 19:02:37 INFO  All FAQ Questions Printed Successfully
05-07-2026 19:02:40 INFO  Used Cars Validation Started
05-07-2026 19:02:43 INFO  Current URL : https://www.zigwheels.com/used-car
05-07-2026 19:02:43 INFO  Used Cars Section Loaded Successfully
05-07-2026 19:02:43 INFO  Chennai City Selection Validation Started
05-07-2026 19:02:45 INFO  Chennai City Selected Successfully
05-07-2026 19:02:45 INFO  Popular Models Validation Started
05-07-2026 19:03:52 INFO  Car Details Written To Excel Successfully
05-07-2026 19:03:54 INFO  Under 3 Lakh Car : Hyundai i10 Sportz AT
05-07-2026 19:03:55 INFO  Under 3 Lakh Car : Hyundai i10 Sportz
05-07-2026 19:03:56 INFO  Under 3 Lakh Car : Hyundai i10 Asta
05-07-2026 19:03:57 INFO  Under 3 Lakh Car : Hyundai i10 Sportz
05-07-2026 19:03:57 INFO  Under 3 Lakh Car : Maruti Swift LDI
05-07-2026 19:03:57 INFO  Under 3 Lakh Car : Hyundai i10 Magna 1.2
05-07-2026 19:03:58 INFO  Under 3 Lakh Car : Hyundai i10 Sportz
05-07-2026 19:03:58 INFO  Under 3 Lakh Car : Honda City 1.5 EXI S
05-07-2026 19:03:58 INFO  Under 3 Lakh Car : Honda City 1.5 GXI
05-07-2026 19:03:59 INFO  Under 3 Lakh Car : Honda City 1.5 V AT
05-07-2026 19:04:00 INFO  Under 3 Lakh Car : Hyundai i10 Magna 1.1L
05-07-2026 19:04:00 INFO  Under 3 Lakh Car : Hyundai Santro Xing XO eRLX Euro II
05-07-2026 19:04:00 INFO  Under 3 Lakh Car : Hyundai i10 Sportz 1.2 AT
05-07-2026 19:04:00 INFO  Under 3 Lakh Car : Hyundai i10 Magna
05-07-2026 19:04:00 INFO  Under 3 Lakh Car : Hyundai i10 Asta
05-07-2026 19:04:00 INFO  Under 3 Lakh Car : Toyota Innova 2.5 G (Diesel) 7 Seater BS III
05-07-2026 19:04:03 INFO  Under 3 Lakh Car : Hyundai i10 Sportz
05-07-2026 19:04:03 INFO  Under 3 Lakh Car : Hyundai i10 Sportz AT
05-07-2026 19:04:04 INFO  Under 3 Lakh Car : Hyundai i10 Magna 1.2
05-07-2026 19:04:05 INFO  Under 3 Lakh Car : Hyundai i10 Asta
05-07-2026 19:04:05 INFO  Under 3 Lakh Car : Honda City 1.5 EXI S
05-07-2026 19:04:06 INFO  Under 3 Lakh Car : Hyundai i10 Sportz
05-07-2026 19:04:06 INFO  Under 3 Lakh Car : Hyundai i10 Sportz
05-07-2026 19:04:07 INFO  Under 3 Lakh Car : Honda City 1.5 GXI
05-07-2026 19:04:07 INFO  Under 3 Lakh Car : Maruti Swift LDI
05-07-2026 19:04:07 INFO  Under 3 Lakh Car : Honda City 1.5 V AT
05-07-2026 19:04:08 INFO  Under 3 Lakh Car : Hyundai i10 Magna 1.1L
05-07-2026 19:04:08 INFO  Under 3 Lakh Car : Hyundai Santro Xing XO eRLX Euro II
05-07-2026 19:04:08 INFO  Under 3 Lakh Car : Hyundai i10 Sportz 1.2 AT
05-07-2026 19:04:08 INFO  Under 3 Lakh Car : Hyundai i10 Magna
05-07-2026 19:04:08 INFO  Under 3 Lakh Car : Hyundai i10 Asta
05-07-2026 19:04:09 INFO  Under 3 Lakh Car : Toyota Innova 2.5 G (Diesel) 7 Seater BS III
05-07-2026 19:04:09 INFO  Under3LakhCars Sheet Created Successfully
05-07-2026 19:04:09 INFO  Price Low To High Filter Validation Started
05-07-2026 19:04:10 INFO  Price Low To High Filter Applied Successfully
05-07-2026 19:04:13 INFO  ===== First 4 Cars After Sorting =====
05-07-2026 19:04:13 INFO  Car Name : Hyundai i10 Asta
05-07-2026 19:04:13 INFO  Price : Rs. 80,000
05-07-2026 19:04:13 INFO  =================================
05-07-2026 19:04:13 INFO  Car Name : Honda City 1.5 GXI
05-07-2026 19:04:13 INFO  Price : Rs. 1.60 Lakh
05-07-2026 19:04:13 INFO  =================================
05-07-2026 19:04:13 INFO  Car Name : Hyundai Santro Xing XO eRLX Euro II
05-07-2026 19:04:13 INFO  Price : Rs. 1.85 Lakh
05-07-2026 19:04:13 INFO  =================================
05-07-2026 19:04:13 INFO  Car Name : Hyundai i10 Magna
05-07-2026 19:04:13 INFO  Price : Rs. 1.85 Lakh
05-07-2026 19:04:13 INFO  =================================
05-07-2026 19:04:13 INFO  Price Low To High Sorting Validation Passed
05-07-2026 19:04:13 INFO  KM Driven Filter Validation Started
05-07-2026 19:04:13 INFO  Price Low To High Filter Already Applied
05-07-2026 19:04:14 INFO  Less Than 5K Filter Applied Successfully
05-07-2026 19:04:14 INFO  KM Driven Filter Validation Passed
05-07-2026 19:04:16 INFO  ZigWheels Logo Clicked Successfully
05-07-2026 19:04:16 INFO  Google Login Button Validation Started
05-07-2026 19:04:17 INFO  Login/Register Button Clicked Successfully
05-07-2026 19:04:17 INFO  Google Sign-In Button Displayed Successfully
05-07-2026 19:04:17 INFO  Google Login Button Validation Passed
05-07-2026 19:04:17 INFO  Returned To Main Application Window Successfully
05-07-2026 19:04:17 INFO  Invalid Email Validation Started
05-07-2026 19:04:19 INFO  Login/Register Button Clicked Successfully
05-07-2026 19:04:19 INFO  Google Login Button Clicked And Switched To OAuth Window
05-07-2026 19:04:24 INFO  Invalid Email Entered Successfully
05-07-2026 19:04:24 INFO  Captured Error Message : Enter a valid email or phone number
05-07-2026 19:04:24 INFO  Invalid Email Error Message Validated Successfully
05-07-2026 19:04:25 INFO  Returned To Main Application Window Successfully
05-07-2026 19:04:25 INFO  Invalid Email Validation Passed
05-07-2026 19:04:25 INFO  Invalid Phone Number Validation Started
05-07-2026 19:04:26 INFO  Login/Register Button Clicked Successfully
05-07-2026 19:04:27 INFO  Google Login Button Clicked And Switched To OAuth Window
05-07-2026 19:04:29 INFO  Invalid Phone Number Entered Successfully
05-07-2026 19:04:36 INFO  Captured Error Message : Enter a valid email or phone number
05-07-2026 19:04:36 INFO  Phone Validation Message Captured Successfully
05-07-2026 19:04:36 INFO  Returned To Main Application Window Successfully
05-07-2026 19:04:36 INFO  Valid Email Validation Started
05-07-2026 19:04:38 INFO  Login/Register Button Clicked Successfully
05-07-2026 19:04:38 INFO  Google Login Window Opened Successfully
05-07-2026 19:04:41 INFO  Valid Email Entered Successfully
05-07-2026 19:04:41 INFO  Returned To Main Application Window Successfully
05-07-2026 19:04:41 INFO  Valid Email Validation Passed
05-07-2026 19:04:41 INFO  Invalid Password Validation Started
05-07-2026 19:04:42 INFO  Login/Register Button Clicked Successfully
05-07-2026 19:04:43 INFO  Google Login Window Opened Successfully
05-07-2026 19:04:45 INFO  Valid Email Entered Successfully
05-07-2026 19:04:49 INFO  Invalid Password Entered Successfully
05-07-2026 19:04:59 INFO  Captured Error Message : Wrong password. Try again or click "Try another way" for more options.
05-07-2026 19:04:59 INFO  Invalid Password Error Message Validated Successfully
05-07-2026 19:05:00 INFO  Returned To Main Application Window Successfully
05-07-2026 19:05:00 INFO  Invalid Password Validation Passed
05-07-2026 19:05:00 INFO  Valid Password Validation Started
05-07-2026 19:05:01 INFO  Login/Register Button Clicked Successfully
05-07-2026 19:05:01 INFO  Google Login Window Opened Successfully
05-07-2026 19:05:04 INFO  Valid Email Entered Successfully
05-07-2026 19:05:08 INFO  Valid Password Entered Successfully
05-07-2026 19:05:08 INFO  Returned To Main Application Window Successfully
05-07-2026 19:05:08 INFO  Valid Password Validation Passed
06-07-2026 11:41:40 INFO  ============= Test Suite Started =============
06-07-2026 11:41:53 INFO  Browser Launched Successfully
06-07-2026 11:41:53 INFO  Browser : chrome
06-07-2026 11:41:54 INFO  Upcoming Bikes Validation Started
06-07-2026 11:41:56 INFO  Upcoming Bikes Menu Clicked Successfully
06-07-2026 11:41:56 INFO  Upcoming Bikes Page Loaded Successfully
06-07-2026 11:41:56 INFO  Honda Manufacturer Filter Validation Started
06-07-2026 11:41:56 INFO  Scrolled To Upcoming Bikes By Brand Section
06-07-2026 11:42:00 INFO  Honda Brand Clicked Successfully
06-07-2026 11:42:00 INFO  Honda Bikes Page Loaded Successfully
06-07-2026 11:42:09 INFO  Honda Bike Details Written To Excel Successfully
06-07-2026 11:42:09 INFO  Under 4 Lakhs Bikes Validation Started
06-07-2026 11:42:18 INFO  Under 4 Lakhs Bikes Written To Excel Successfully
06-07-2026 11:42:18 INFO  Popular Bikes Validation Started
06-07-2026 11:42:18 INFO  Bike Name : Hero Splendor Plus
06-07-2026 11:42:18 INFO  Price : Rs. 77,557
06-07-2026 11:42:18 INFO  =================================
06-07-2026 11:42:18 INFO  Bike Name : Yamaha R15 V4
06-07-2026 11:42:18 INFO  Price : Rs. 1.71 Lakh
06-07-2026 11:42:18 INFO  =================================
06-07-2026 11:42:18 INFO  Bike Name : Royal Enfield Classic 350
06-07-2026 11:42:18 INFO  Price : Rs. 1.87 Lakh
06-07-2026 11:42:18 INFO  =================================
06-07-2026 11:42:19 INFO  Bike Name : TVS Raider
06-07-2026 11:42:19 INFO  Price : Rs. 82,860
06-07-2026 11:42:19 INFO  =================================
06-07-2026 11:42:19 INFO  Bike Name : TVS Apache RTR 160
06-07-2026 11:42:19 INFO  Price : Rs. 1.13 Lakh
06-07-2026 11:42:19 INFO  =================================
06-07-2026 11:42:19 INFO  Popular Bikes Printed Successfully
06-07-2026 11:42:19 INFO  Scooters Only Validation Started
06-07-2026 11:42:19 INFO  Scooters Only Filter Clicked Successfully
06-07-2026 11:42:19 INFO  Honda ADV 160
Rs. 1.55 Lakh
Expected Launch : Dec 2026
Alert Me When Launched
06-07-2026 11:42:19 INFO  ================================
06-07-2026 11:42:19 INFO  Honda Forza 350
Rs. 3.70 Lakh
Expected Launch : Unrevealed
Alert Me When Launched
06-07-2026 11:42:19 INFO  ================================
06-07-2026 11:42:19 INFO  Honda PCX160
Rs. 1.20 Lakh
Expected Launch : Unrevealed
Alert Me When Launched
06-07-2026 11:42:19 INFO  ================================
06-07-2026 11:42:19 INFO  Honda Motocompacto
Price To Be Announced
Expected Launch : Unrevealed
Alert Me When Launched
06-07-2026 11:42:19 INFO  ================================
06-07-2026 11:42:19 INFO  Honda Activa 7G
Rs. 79,000
Expected Launch : Unrevealed
Alert Me When Launched
06-07-2026 11:42:19 INFO  ================================
06-07-2026 11:42:19 INFO  Honda SH125i
Price To Be Announced
Expected Launch : Unrevealed
Alert Me When Launched
06-07-2026 11:42:19 INFO  ================================
06-07-2026 11:42:19 INFO  Scooters Details Printed Successfully
06-07-2026 11:42:19 INFO  Alert Me Button Validation Started
06-07-2026 11:42:20 INFO  Alert Me Button Clicked Successfully
06-07-2026 11:42:21 INFO  Pincode Entered Successfully
06-07-2026 11:42:24 INFO  Pincode Suggestion Selected Successfully
06-07-2026 11:42:25 INFO  Full Name Entered Successfully
06-07-2026 11:42:25 INFO  Mobile Number Entered Successfully
06-07-2026 11:42:27 INFO  OTP Field Displayed Successfully
06-07-2026 11:42:28 INFO  Popup Closed Successfully
06-07-2026 11:42:28 INFO  Upcoming Bikes By Body Type Validation Started
06-07-2026 11:42:28 INFO  Scrolled To Upcoming Bikes By Body Type Section
06-07-2026 11:42:28 INFO  Body Type : Cruiser
06-07-2026 11:42:28 INFO  ==============================
06-07-2026 11:42:28 INFO  Body Type : Commuter
06-07-2026 11:42:28 INFO  ==============================
06-07-2026 11:42:28 INFO  Body Type : Scooters
06-07-2026 11:42:28 INFO  ==============================
06-07-2026 11:42:28 INFO  Body Type : Sports
06-07-2026 11:42:28 INFO  ==============================
06-07-2026 11:42:28 INFO  Body Type : Electric
06-07-2026 11:42:28 INFO  ==============================
06-07-2026 11:42:28 INFO  Upcoming Bikes By Body Type Printed Successfully
06-07-2026 11:42:28 INFO  Upcoming Honda Bikes FAQs Validation Started
06-07-2026 11:42:28 INFO  Scrolled To Upcoming Honda Bikes FAQs Section
06-07-2026 11:42:28 INFO  FAQ : What are the upcoming honda bikes in India 2026?
06-07-2026 11:42:28 INFO  ================================
06-07-2026 11:42:28 INFO  FAQ : What are the upcoming honda commuter bikes in India?
06-07-2026 11:42:28 INFO  ================================
06-07-2026 11:42:28 INFO  FAQ : What are the upcoming honda scooters in India?
06-07-2026 11:42:28 INFO  ================================
06-07-2026 11:42:28 INFO  FAQ : What are the upcoming honda sports bikes in India?
06-07-2026 11:42:28 INFO  ================================
06-07-2026 11:42:28 INFO  FAQ : What are the upcoming honda cruiser bikes in India?
06-07-2026 11:42:28 INFO  ================================
06-07-2026 11:42:28 INFO  FAQ : What are the upcoming honda bikes under 1 lakh?
06-07-2026 11:42:28 INFO  ================================
06-07-2026 11:42:28 INFO  All FAQ Questions Printed Successfully
06-07-2026 11:42:31 INFO  Used Cars Validation Started
07-07-2026 18:57:10 INFO  ============= Test Suite Started =============
07-07-2026 18:57:22 INFO  Browser Launched Successfully
07-07-2026 18:57:22 INFO  Browser : chrome
07-07-2026 18:57:23 INFO  Upcoming Bikes Validation Started
07-07-2026 18:57:25 INFO  Upcoming Bikes Menu Clicked Successfully
07-07-2026 18:57:25 INFO  Upcoming Bikes Page Loaded Successfully
07-07-2026 18:57:25 INFO  Honda Manufacturer Filter Validation Started
07-07-2026 18:57:26 INFO  Scrolled To Upcoming Bikes By Brand Section
07-07-2026 18:57:29 INFO  Honda Brand Clicked Successfully
07-07-2026 18:57:29 INFO  Honda Bikes Page Loaded Successfully
07-07-2026 18:57:42 INFO  Honda Bike Details Written To Excel Successfully
07-07-2026 18:57:42 INFO  Under 4 Lakhs Bikes Validation Started
07-07-2026 18:58:00 INFO  Under 4 Lakhs Bikes Written To Excel Successfully
07-07-2026 18:58:00 INFO  Popular Bikes Validation Started
07-07-2026 18:58:00 INFO  Bike Name : Hero Splendor Plus
07-07-2026 18:58:00 INFO  Price : Rs. 77,557
07-07-2026 18:58:00 INFO  =================================
07-07-2026 18:58:01 INFO  Bike Name : Yamaha R15 V4
07-07-2026 18:58:01 INFO  Price : Rs. 1.71 Lakh
07-07-2026 18:58:01 INFO  =================================
07-07-2026 18:58:01 INFO  Bike Name : Royal Enfield Classic 350
07-07-2026 18:58:01 INFO  Price : Rs. 1.87 Lakh
07-07-2026 18:58:01 INFO  =================================
07-07-2026 18:58:01 INFO  Bike Name : TVS Raider
07-07-2026 18:58:01 INFO  Price : Rs. 82,860
07-07-2026 18:58:01 INFO  =================================
07-07-2026 18:58:01 INFO  Bike Name : Royal Enfield Bullet 350
07-07-2026 18:58:01 INFO  Price : Rs. 1.66 Lakh
07-07-2026 18:58:01 INFO  =================================
07-07-2026 18:58:01 INFO  Popular Bikes Printed Successfully
07-07-2026 18:58:01 INFO  Scooters Only Validation Started
07-07-2026 18:58:02 INFO  Scooters Only Filter Clicked Successfully
07-07-2026 18:58:02 INFO  Honda ADV 160
Rs. 1.55 Lakh
Expected Launch : Dec 2026
Alert Me When Launched
07-07-2026 18:58:02 INFO  ================================
07-07-2026 18:58:02 INFO  Honda Forza 350
Rs. 3.70 Lakh
Expected Launch : Unrevealed
Alert Me When Launched
07-07-2026 18:58:02 INFO  ================================
07-07-2026 18:58:02 INFO  Honda PCX160
Rs. 1.20 Lakh
Expected Launch : Unrevealed
Alert Me When Launched
07-07-2026 18:58:02 INFO  ================================
07-07-2026 18:58:02 INFO  Honda Motocompacto
Price To Be Announced
Expected Launch : Unrevealed
Alert Me When Launched
07-07-2026 18:58:02 INFO  ================================
07-07-2026 18:58:02 INFO  Honda Activa 7G
Rs. 79,000
Expected Launch : Unrevealed
Alert Me When Launched
07-07-2026 18:58:02 INFO  ================================
07-07-2026 18:58:02 INFO  Honda SH125i
Price To Be Announced
Expected Launch : Unrevealed
Alert Me When Launched
07-07-2026 18:58:02 INFO  ================================
07-07-2026 18:58:02 INFO  Scooters Details Printed Successfully
07-07-2026 18:58:02 INFO  Alert Me Button Validation Started
07-07-2026 18:58:03 INFO  Alert Me Button Clicked Successfully
07-07-2026 18:58:04 INFO  Pincode Entered Successfully
07-07-2026 18:58:05 INFO  Pincode Suggestion Selected Successfully
07-07-2026 18:58:06 INFO  Full Name Entered Successfully
07-07-2026 18:58:06 INFO  Mobile Number Entered Successfully
07-07-2026 18:58:07 INFO  OTP Field Displayed Successfully
07-07-2026 18:58:07 INFO  Popup Closed Successfully
07-07-2026 18:58:07 INFO  Upcoming Bikes By Body Type Validation Started
07-07-2026 18:58:07 INFO  Scrolled To Upcoming Bikes By Body Type Section
07-07-2026 18:58:07 INFO  Body Type : Cruiser
07-07-2026 18:58:07 INFO  ==============================
07-07-2026 18:58:07 INFO  Body Type : Commuter
07-07-2026 18:58:07 INFO  ==============================
07-07-2026 18:58:08 INFO  Body Type : Scooters
07-07-2026 18:58:08 INFO  ==============================
07-07-2026 18:58:08 INFO  Body Type : Sports
07-07-2026 18:58:08 INFO  ==============================
07-07-2026 18:58:08 INFO  Body Type : Electric
07-07-2026 18:58:08 INFO  ==============================
07-07-2026 18:58:08 INFO  Upcoming Bikes By Body Type Printed Successfully
07-07-2026 18:58:08 INFO  Upcoming Honda Bikes FAQs Validation Started
07-07-2026 18:58:08 INFO  Scrolled To Upcoming Honda Bikes FAQs Section
07-07-2026 18:58:08 INFO  FAQ : What are the upcoming honda bikes in India 2026?
07-07-2026 18:58:08 INFO  ================================
07-07-2026 18:58:08 INFO  FAQ : What are the upcoming honda commuter bikes in India?
07-07-2026 18:58:08 INFO  ================================
07-07-2026 18:58:08 INFO  FAQ : What are the upcoming honda scooters in India?
07-07-2026 18:58:08 INFO  ================================
07-07-2026 18:58:08 INFO  FAQ : What are the upcoming honda sports bikes in India?
07-07-2026 18:58:08 INFO  ================================
07-07-2026 18:58:08 INFO  FAQ : What are the upcoming honda cruiser bikes in India?
07-07-2026 18:58:08 INFO  ================================
07-07-2026 18:58:08 INFO  FAQ : What are the upcoming honda bikes under 1 lakh?
07-07-2026 18:58:08 INFO  ================================
07-07-2026 18:58:08 INFO  All FAQ Questions Printed Successfully
07-07-2026 18:58:10 INFO  Used Cars Validation Started
07-07-2026 18:58:14 INFO  Current URL : https://www.zigwheels.com/used-car
07-07-2026 18:58:14 INFO  Used Cars Section Loaded Successfully
07-07-2026 18:58:14 INFO  Chennai City Selection Validation Started
07-07-2026 18:58:16 INFO  Chennai City Selected Successfully
07-07-2026 18:58:16 INFO  Popular Models Validation Started
07-07-2026 18:59:30 INFO  Car Details Written To Excel Successfully
07-07-2026 18:59:32 INFO  Under 3 Lakh Car : Hyundai i10 Sportz AT
07-07-2026 18:59:33 INFO  Under 3 Lakh Car : Hyundai i10 Sportz
07-07-2026 18:59:34 INFO  Under 3 Lakh Car : Hyundai i10 Asta
07-07-2026 18:59:35 INFO  Under 3 Lakh Car : Hyundai i10 Sportz
07-07-2026 18:59:36 INFO  Under 3 Lakh Car : Maruti Swift LDI
07-07-2026 18:59:36 INFO  Under 3 Lakh Car : Hyundai i10 Magna 1.2
07-07-2026 18:59:37 INFO  Under 3 Lakh Car : Hyundai i10 Sportz
07-07-2026 18:59:37 INFO  Under 3 Lakh Car : Honda City 1.5 EXI S
07-07-2026 18:59:38 INFO  Under 3 Lakh Car : Honda City 1.5 GXI
07-07-2026 18:59:38 INFO  Under 3 Lakh Car : Honda City 1.5 V AT
07-07-2026 18:59:39 INFO  Under 3 Lakh Car : Hyundai i10 Magna 1.1L
07-07-2026 18:59:39 INFO  Under 3 Lakh Car : Hyundai Santro Xing XO eRLX Euro II
07-07-2026 18:59:40 INFO  Under 3 Lakh Car : Hyundai i10 Sportz 1.2 AT
07-07-2026 18:59:40 INFO  Under 3 Lakh Car : Hyundai i10 Magna
07-07-2026 18:59:40 INFO  Under 3 Lakh Car : Hyundai i10 Asta
07-07-2026 18:59:40 INFO  Under 3 Lakh Car : Toyota Innova 2.5 G (Diesel) 7 Seater BS III
07-07-2026 18:59:43 INFO  Under 3 Lakh Car : Hyundai i10 Sportz
07-07-2026 18:59:44 INFO  Under 3 Lakh Car : Hyundai i10 Sportz AT
07-07-2026 18:59:45 INFO  Under 3 Lakh Car : Hyundai i10 Magna 1.2
07-07-2026 18:59:45 INFO  Under 3 Lakh Car : Hyundai i10 Asta
07-07-2026 18:59:46 INFO  Under 3 Lakh Car : Honda City 1.5 EXI S
07-07-2026 18:59:46 INFO  Under 3 Lakh Car : Hyundai i10 Sportz
07-07-2026 18:59:47 INFO  Under 3 Lakh Car : Hyundai i10 Sportz
07-07-2026 18:59:47 INFO  Under 3 Lakh Car : Honda City 1.5 GXI
07-07-2026 18:59:48 INFO  Under 3 Lakh Car : Maruti Swift LDI
07-07-2026 18:59:48 INFO  Under 3 Lakh Car : Honda City 1.5 V AT
07-07-2026 18:59:49 INFO  Under 3 Lakh Car : Hyundai i10 Magna 1.1L
07-07-2026 18:59:49 INFO  Under 3 Lakh Car : Hyundai Santro Xing XO eRLX Euro II
07-07-2026 18:59:50 INFO  Under 3 Lakh Car : Hyundai i10 Sportz 1.2 AT
07-07-2026 18:59:50 INFO  Under 3 Lakh Car : Hyundai i10 Magna
07-07-2026 18:59:50 INFO  Under 3 Lakh Car : Hyundai i10 Asta
07-07-2026 18:59:50 INFO  Under 3 Lakh Car : Toyota Innova 2.5 G (Diesel) 7 Seater BS III
07-07-2026 18:59:54 INFO  Under 3 Lakh Car : Hyundai i10 Sportz
07-07-2026 18:59:54 INFO  Under 3 Lakh Car : Hyundai i10 Sportz AT
07-07-2026 18:59:55 INFO  Under 3 Lakh Car : Hyundai i10 Magna 1.2
07-07-2026 18:59:55 INFO  Under 3 Lakh Car : Hyundai i10 Asta
07-07-2026 18:59:57 INFO  Under 3 Lakh Car : Hyundai i10 Sportz
07-07-2026 18:59:57 INFO  Under 3 Lakh Car : Honda City 1.5 EXI S
07-07-2026 18:59:57 INFO  Under 3 Lakh Car : Honda City 1.5 GXI
07-07-2026 18:59:58 INFO  Under 3 Lakh Car : Hyundai i10 Sportz
07-07-2026 18:59:58 INFO  Under 3 Lakh Car : Maruti Swift LDI
07-07-2026 18:59:58 INFO  Under 3 Lakh Car : Honda City 1.5 V AT
07-07-2026 18:59:59 INFO  Under 3 Lakh Car : Hyundai Santro Xing XO eRLX Euro II
07-07-2026 18:59:59 INFO  Under 3 Lakh Car : Hyundai i10 Sportz 1.2 AT
07-07-2026 18:59:59 INFO  Under 3 Lakh Car : Hyundai i10 Magna
07-07-2026 19:00:00 INFO  Under3LakhCars Sheet Created Successfully
07-07-2026 19:00:00 INFO  Price Low To High Filter Validation Started
07-07-2026 19:00:01 INFO  Price Low To High Filter Applied Successfully
07-07-2026 19:00:04 INFO  ===== First 4 Cars After Sorting =====
07-07-2026 19:00:04 INFO  Car Name : Honda City 1.5 GXI
07-07-2026 19:00:04 INFO  Price : Rs. 1.60 Lakh
07-07-2026 19:00:04 INFO  =================================
07-07-2026 19:00:04 INFO  Car Name : Hyundai Santro Xing XO eRLX Euro II
07-07-2026 19:00:04 INFO  Price : Rs. 1.85 Lakh
07-07-2026 19:00:04 INFO  =================================
07-07-2026 19:00:04 INFO  Car Name : Hyundai i10 Magna
07-07-2026 19:00:04 INFO  Price : Rs. 1.85 Lakh
07-07-2026 19:00:04 INFO  =================================
07-07-2026 19:00:04 INFO  Car Name : Hyundai i10 Sportz
07-07-2026 19:00:04 INFO  Price : Rs. 2.10 Lakh
07-07-2026 19:00:04 INFO  =================================
07-07-2026 19:00:04 INFO  Price Low To High Sorting Validation Passed
07-07-2026 19:00:04 INFO  KM Driven Filter Validation Started
07-07-2026 19:00:04 INFO  Price Low To High Filter Already Applied
07-07-2026 19:00:06 INFO  Less Than 5K Filter Applied Successfully
07-07-2026 19:00:06 INFO  KM Driven Filter Validation Passed
07-07-2026 19:00:08 INFO  ZigWheels Logo Clicked Successfully
07-07-2026 19:00:08 INFO  Google Login Button Validation Started
07-07-2026 19:00:08 INFO  Login/Register Button Clicked Successfully
07-07-2026 19:00:08 INFO  Google Sign-In Button Displayed Successfully
07-07-2026 19:00:08 INFO  Google Login Button Validation Passed
07-07-2026 19:00:09 INFO  Returned To Main Application Window Successfully
07-07-2026 19:00:09 INFO  Invalid Email Validation Started
07-07-2026 19:00:10 INFO  Login/Register Button Clicked Successfully
07-07-2026 19:00:11 INFO  Google Login Button Clicked And Switched To OAuth Window
07-07-2026 19:00:15 INFO  Invalid Email Entered Successfully
07-07-2026 19:00:16 INFO  Captured Error Message : Enter a valid email or phone number
07-07-2026 19:00:16 INFO  Invalid Email Error Message Validated Successfully
07-07-2026 19:00:17 INFO  Returned To Main Application Window Successfully
07-07-2026 19:00:17 INFO  Invalid Email Validation Passed
07-07-2026 19:00:17 INFO  Invalid Phone Number Validation Started
07-07-2026 19:00:18 INFO  Login/Register Button Clicked Successfully
07-07-2026 19:00:18 INFO  Google Login Button Clicked And Switched To OAuth Window
07-07-2026 19:00:21 INFO  Invalid Phone Number Entered Successfully
07-07-2026 19:00:28 INFO  Captured Error Message : Enter a valid email or phone number
07-07-2026 19:00:28 INFO  Phone Validation Message Captured Successfully
07-07-2026 19:00:29 INFO  Returned To Main Application Window Successfully
07-07-2026 19:00:29 INFO  Valid Email Validation Started
07-07-2026 19:00:30 INFO  Login/Register Button Clicked Successfully
07-07-2026 19:00:31 INFO  Google Login Window Opened Successfully
07-07-2026 19:00:33 INFO  Valid Email Entered Successfully
07-07-2026 19:00:34 INFO  Returned To Main Application Window Successfully
07-07-2026 19:00:34 INFO  Valid Email Validation Passed
07-07-2026 19:00:34 INFO  Invalid Password Validation Started
07-07-2026 19:00:35 INFO  Login/Register Button Clicked Successfully
07-07-2026 19:00:35 INFO  Google Login Window Opened Successfully
07-07-2026 19:00:38 INFO  Valid Email Entered Successfully
07-07-2026 19:00:41 INFO  Invalid Password Entered Successfully
07-07-2026 19:00:51 INFO  Captured Error Message : Wrong password. Try again or click "Try another way" for more options.
07-07-2026 19:00:51 INFO  Invalid Password Error Message Validated Successfully
07-07-2026 19:00:52 INFO  Returned To Main Application Window Successfully
07-07-2026 19:00:52 INFO  Invalid Password Validation Passed
07-07-2026 19:00:52 INFO  Valid Password Validation Started
07-07-2026 19:00:53 INFO  Login/Register Button Clicked Successfully
07-07-2026 19:00:54 INFO  Google Login Window Opened Successfully
07-07-2026 19:00:57 INFO  Valid Email Entered Successfully
07-07-2026 19:01:20 INFO  Handled Valid Password Fallback Route : Error Message Not Found
07-07-2026 19:01:20 INFO  Fallback Validation Completed Successfully
07-07-2026 19:01:21 INFO  Returned To Main Application Window Successfully
07-07-2026 19:01:21 INFO  Valid Password Validation Passed
07-07-2026 19:02:28 INFO  ============= Test Suite Started =============
07-07-2026 19:02:41 INFO  Browser Launched Successfully
07-07-2026 19:02:41 INFO  Browser : chrome
07-07-2026 19:02:41 INFO  Valid Password Validation Started
07-07-2026 19:02:42 INFO  Login/Register Button Clicked Successfully
07-07-2026 19:02:43 INFO  Google Login Window Opened Successfully
07-07-2026 19:02:50 INFO  Valid Email Entered Successfully
07-07-2026 19:02:53 INFO  Valid Password Entered Successfully
07-07-2026 19:02:55 INFO  Returned To Main Application Window Successfully
07-07-2026 19:02:55 INFO  Valid Password Validation Passed
07-07-2026 23:23:52 INFO  ============= Test Suite Started =============
07-07-2026 23:24:15 INFO  Browser Launched Successfully
07-07-2026 23:24:15 INFO  Browser : chrome
07-07-2026 23:24:15 INFO  Chennai City Selection Validation Started
07-07-2026 23:24:21 INFO  Used Cars Page Opened Successfully
07-07-2026 23:24:23 INFO  Current URL : https://www.zigwheels.com/used-car/Chennai
07-07-2026 23:24:23 INFO  Chennai City Selected Successfully
07-07-2026 23:26:57 INFO  ============= Test Suite Started =============
07-07-2026 23:27:13 INFO  Browser Launched Successfully
07-07-2026 23:27:13 INFO  Browser : chrome
07-07-2026 23:27:13 INFO  Popular Models Validation Started
07-07-2026 23:27:22 INFO  Used Cars Page Opened Successfully
07-07-2026 23:27:24 INFO  Chennai City Selected Successfully
07-07-2026 23:28:12 INFO  Car Name : Honda City V MT
07-07-2026 23:28:12 INFO  Price : Rs. 6.70 Lakh
07-07-2026 23:28:12 INFO  =========================
07-07-2026 23:28:12 INFO  Car Name : Honda City i VTEC CVT VX
07-07-2026 23:28:12 INFO  Price : Rs. 7.25 Lakh
07-07-2026 23:28:12 INFO  =========================
07-07-2026 23:28:12 INFO  Car Name : Honda City i-VTEC VX
07-07-2026 23:28:12 INFO  Price : Rs. 7.50 Lakh
07-07-2026 23:28:12 INFO  =========================
07-07-2026 23:28:12 INFO  Car Name : Honda City i VTEC V
07-07-2026 23:28:12 INFO  Price : Rs. 6.90 Lakh
07-07-2026 23:28:12 INFO  =========================
07-07-2026 23:28:13 INFO  Car Name : Honda City i-VTEC V
07-07-2026 23:28:13 INFO  Price : Rs. 6.75 Lakh
07-07-2026 23:28:13 INFO  =========================
07-07-2026 23:28:13 INFO  Car Name : Honda City i VTEC CVT SV
07-07-2026 23:28:13 INFO  Price : Rs. 5.60 Lakh
07-07-2026 23:28:13 INFO  =========================
07-07-2026 23:28:13 INFO  Car Name : Honda City SV MT
07-07-2026 23:28:13 INFO  Price : Rs. 5.15 Lakh
07-07-2026 23:28:13 INFO  =========================
07-07-2026 23:28:14 INFO  Car Name : Honda City i VTEC V
07-07-2026 23:28:14 INFO  Price : Rs. 6.35 Lakh
07-07-2026 23:28:14 INFO  =========================
07-07-2026 23:28:14 INFO  Car Name : Honda City i DTec E
07-07-2026 23:28:14 INFO  Price : Rs. 5.85 Lakh
07-07-2026 23:28:14 INFO  =========================
07-07-2026 23:28:14 INFO  Car Name : Honda City i DTEC E
07-07-2026 23:28:14 INFO  Price : Rs. 5.99 Lakh
07-07-2026 23:28:14 INFO  =========================
07-07-2026 23:28:14 INFO  Car Name : Honda City 1.5 S AT
07-07-2026 23:28:14 INFO  Price : Rs. 3.85 Lakh
07-07-2026 23:28:14 INFO  =========================
07-07-2026 23:28:15 INFO  Car Name : Honda City i DTEC SV
07-07-2026 23:28:15 INFO  Price : Rs. 5.60 Lakh
07-07-2026 23:28:15 INFO  =========================
07-07-2026 23:28:15 INFO  Car Name : Maruti Swift AMT ZXI BSIV
07-07-2026 23:28:15 INFO  Price : Rs. 5.50 Lakh
07-07-2026 23:28:15 INFO  =========================
07-07-2026 23:28:15 INFO  Car Name : Maruti Swift VXI
07-07-2026 23:28:15 INFO  Price : Rs. 5.45 Lakh
07-07-2026 23:28:15 INFO  =========================
07-07-2026 23:28:15 INFO  Car Name : Honda City ZX CVT
07-07-2026 23:28:15 INFO  Price : Rs. 10.78 Lakh
07-07-2026 23:28:15 INFO  =========================
07-07-2026 23:28:16 INFO  Car Name : Honda City VX Apex Edition CVT
07-07-2026 23:28:16 INFO  Price : Rs. 14.90 Lakh
07-07-2026 23:28:16 INFO  =========================
07-07-2026 23:28:16 INFO  Car Name : Honda City ZX Plus
07-07-2026 23:28:16 INFO  Price : Rs. 11.59 Lakh
07-07-2026 23:28:16 INFO  =========================
07-07-2026 23:28:16 INFO  Car Name : Honda City ZX CVT
07-07-2026 23:28:16 INFO  Price : Rs. 9.80 Lakh
07-07-2026 23:28:16 INFO  =========================
07-07-2026 23:28:16 INFO  Car Name : Maruti Swift AMT ZXI
07-07-2026 23:28:16 INFO  Price : Rs. 5.55 Lakh
07-07-2026 23:28:16 INFO  =========================
07-07-2026 23:28:17 INFO  Car Name : Honda City VX MT
07-07-2026 23:28:17 INFO  Price : Rs. 9.55 Lakh
07-07-2026 23:28:17 INFO  =========================
07-07-2026 23:28:17 INFO  Car Name : Honda City V MT
07-07-2026 23:28:17 INFO  Price : Rs. 7.76 Lakh
07-07-2026 23:28:17 INFO  =========================
07-07-2026 23:28:17 INFO  Car Name : Honda City ZX CVT 2 Airbag
07-07-2026 23:28:17 INFO  Price : Rs. 11.90 Lakh
07-07-2026 23:28:17 INFO  =========================
07-07-2026 23:28:18 INFO  Car Name : Maruti Swift VXI
07-07-2026 23:28:18 INFO  Price : Rs. 5.30 Lakh
07-07-2026 23:28:18 INFO  =========================
07-07-2026 23:28:18 INFO  Car Name : Honda City i-VTEC CVT VX
07-07-2026 23:28:18 INFO  Price : Rs. 7.75 Lakh
07-07-2026 23:28:18 INFO  =========================
07-07-2026 23:28:18 INFO  Car Name : Maruti Swift VXI AMT BSVI
07-07-2026 23:28:18 INFO  Price : Rs. 6.12 Lakh
07-07-2026 23:28:18 INFO  =========================
07-07-2026 23:28:18 INFO  Car Name : Maruti Swift VXI
07-07-2026 23:28:18 INFO  Price : Rs. 4.00 Lakh
07-07-2026 23:28:18 INFO  =========================
07-07-2026 23:28:19 INFO  Car Name : Honda City i VTEC CVT VX
07-07-2026 23:28:19 INFO  Price : Rs. 5.16 Lakh
07-07-2026 23:28:19 INFO  =========================
07-07-2026 23:28:19 INFO  Car Name : Maruti Swift VDI
07-07-2026 23:28:19 INFO  Price : Rs. 6.40 Lakh
07-07-2026 23:28:19 INFO  =========================
07-07-2026 23:28:19 INFO  Car Name : Hyundai i10 Magna
07-07-2026 23:28:19 INFO  Price : Rs. 3.20 Lakh
07-07-2026 23:28:19 INFO  =========================
07-07-2026 23:28:19 INFO  Car Name : Maruti Swift LXI
07-07-2026 23:28:19 INFO  Price : Rs. 4.75 Lakh
07-07-2026 23:28:19 INFO  =========================
07-07-2026 23:28:19 INFO  Car Name : Maruti Swift VXI
07-07-2026 23:28:19 INFO  Price : Rs. 4.83 Lakh
07-07-2026 23:28:19 INFO  =========================
07-07-2026 23:28:20 INFO  Car Name : Maruti Swift VXI
07-07-2026 23:28:20 INFO  Price : Rs. 4.80 Lakh
07-07-2026 23:28:20 INFO  =========================
07-07-2026 23:28:20 INFO  Car Name : Maruti Swift VXI
07-07-2026 23:28:20 INFO  Price : Rs. 4.06 Lakh
07-07-2026 23:28:20 INFO  =========================
07-07-2026 23:28:20 INFO  Car Name : Maruti Swift ZXI
07-07-2026 23:28:20 INFO  Price : Rs. 4.17 Lakh
07-07-2026 23:28:20 INFO  =========================
07-07-2026 23:28:20 INFO  Car Name : Maruti Swift VXI
07-07-2026 23:28:20 INFO  Price : Rs. 3.70 Lakh
07-07-2026 23:28:20 INFO  =========================
07-07-2026 23:28:21 INFO  Car Name : Hyundai i10 Sportz
07-07-2026 23:28:21 INFO  Price : Rs. 2.10 Lakh
07-07-2026 23:28:21 INFO  =========================
07-07-2026 23:28:21 INFO  Car Name : Honda City i DTEC S
07-07-2026 23:28:21 INFO  Price : Rs. 5.45 Lakh
07-07-2026 23:28:21 INFO  =========================
07-07-2026 23:28:21 INFO  Car Name : Hyundai i10 Sportz 1.1L
07-07-2026 23:28:21 INFO  Price : Rs. 3.25 Lakh
07-07-2026 23:28:21 INFO  =========================
07-07-2026 23:28:21 INFO  Car Name : Hyundai i10 Sportz 1.1L
07-07-2026 23:28:21 INFO  Price : Rs. 3.65 Lakh
07-07-2026 23:28:21 INFO  =========================
07-07-2026 23:28:21 INFO  Car Name : Maruti Swift VXI
07-07-2026 23:28:21 INFO  Price : Rs. 4.45 Lakh
07-07-2026 23:28:21 INFO  =========================
07-07-2026 23:28:22 INFO  Car Name : Honda City SV MT
07-07-2026 23:28:22 INFO  Price : Rs. 4.70 Lakh
07-07-2026 23:28:22 INFO  =========================
07-07-2026 23:28:22 INFO  Car Name : Honda City i VTEC CVT VX
07-07-2026 23:28:22 INFO  Price : Rs. 4.84 Lakh
07-07-2026 23:28:22 INFO  =========================
07-07-2026 23:28:22 INFO  Car Name : Hyundai i10 Sportz AT
07-07-2026 23:28:22 INFO  Price : Rs. 2.70 Lakh
07-07-2026 23:28:22 INFO  =========================
07-07-2026 23:28:22 INFO  Car Name : Honda City V AT
07-07-2026 23:28:22 INFO  Price : Rs. 3.95 Lakh
07-07-2026 23:28:22 INFO  =========================
07-07-2026 23:28:22 INFO  Car Name : Maruti Swift VDI
07-07-2026 23:28:22 INFO  Price : Rs. 4.10 Lakh
07-07-2026 23:28:22 INFO  =========================
07-07-2026 23:28:23 INFO  Car Name : Maruti Swift VDI
07-07-2026 23:28:23 INFO  Price : Rs. 3.95 Lakh
07-07-2026 23:28:23 INFO  =========================
07-07-2026 23:28:23 INFO  Car Name : Maruti Swift ZDI BSIV
07-07-2026 23:28:23 INFO  Price : Rs. 4.66 Lakh
07-07-2026 23:28:23 INFO  =========================
07-07-2026 23:28:23 INFO  Car Name : Maruti Swift AMT ZDI
07-07-2026 23:28:23 INFO  Price : Rs. 4.94 Lakh
07-07-2026 23:28:23 INFO  =========================
07-07-2026 23:28:23 INFO  Car Name : Maruti Swift VDI BSIV
07-07-2026 23:28:23 INFO  Price : Rs. 3.75 Lakh
07-07-2026 23:28:23 INFO  =========================
07-07-2026 23:28:23 INFO  Car Name : Maruti Swift VDI
07-07-2026 23:28:23 INFO  Price : Rs. 3.80 Lakh
07-07-2026 23:28:23 INFO  =========================
07-07-2026 23:28:24 INFO  Car Name : Maruti Swift ZXi Plus AMT
07-07-2026 23:28:24 INFO  Price : Rs. 9.25 Lakh
07-07-2026 23:28:24 INFO  =========================
07-07-2026 23:28:24 INFO  Car Name : Honda City 1.5 V MT
07-07-2026 23:28:24 INFO  Price : Rs. 8.20 Lakh
07-07-2026 23:28:24 INFO  =========================
07-07-2026 23:28:24 INFO  Car Name : Honda City i-VTEC VX
07-07-2026 23:28:24 INFO  Price : Rs. 6.50 Lakh
07-07-2026 23:28:24 INFO  =========================
07-07-2026 23:28:24 INFO  Car Name : Honda City ZX MT
07-07-2026 23:28:24 INFO  Price : Rs. 8.79 Lakh
07-07-2026 23:28:24 INFO  =========================
07-07-2026 23:28:24 INFO  Car Name : Honda City ZX MT
07-07-2026 23:28:24 INFO  Price : Rs. 16.50 Lakh
07-07-2026 23:28:24 INFO  =========================
07-07-2026 23:28:25 INFO  Car Name : Honda City CVT
07-07-2026 23:28:25 INFO  Price : Rs. 17.60 Lakh
07-07-2026 23:28:25 INFO  =========================
07-07-2026 23:28:25 INFO  Car Name : Honda City VX MT
07-07-2026 23:28:25 INFO  Price : Rs. 7.80 Lakh
07-07-2026 23:28:25 INFO  =========================
07-07-2026 23:28:25 INFO  Car Name : Mahindra XUV500 W8 FWD
07-07-2026 23:28:25 INFO  Price : Rs. 7.49 Lakh
07-07-2026 23:28:25 INFO  =========================
07-07-2026 23:28:25 INFO  Car Name : Hyundai i10 Sportz 1.1L
07-07-2026 23:28:25 INFO  Price : Rs. 3.09 Lakh
07-07-2026 23:28:25 INFO  =========================
07-07-2026 23:28:25 INFO  Car Name : Maruti Swift VXI
07-07-2026 23:28:25 INFO  Price : Rs. 4.96 Lakh
07-07-2026 23:28:25 INFO  =========================
07-07-2026 23:28:26 INFO  Car Name : Hyundai i10 Magna 1.2
07-07-2026 23:28:26 INFO  Price : Rs. 2.25 Lakh
07-07-2026 23:28:26 INFO  =========================
07-07-2026 23:28:26 INFO  Car Name : Maruti Swift VXI
07-07-2026 23:28:26 INFO  Price : Rs. 4.30 Lakh
07-07-2026 23:28:26 INFO  =========================
07-07-2026 23:28:26 INFO  Car Name : Hyundai i10 Asta
07-07-2026 23:28:26 INFO  Price : Rs. 2.45 Lakh
07-07-2026 23:28:26 INFO  =========================
07-07-2026 23:28:26 INFO  Car Name : Maruti Swift VXI
07-07-2026 23:28:26 INFO  Price : Rs. 4.20 Lakh
07-07-2026 23:28:26 INFO  =========================
07-07-2026 23:28:27 INFO  Car Name : Maruti Swift VDI
07-07-2026 23:28:27 INFO  Price : Rs. 3.75 Lakh
07-07-2026 23:28:27 INFO  =========================
07-07-2026 23:28:27 INFO  Car Name : Maruti Swift LXI
07-07-2026 23:28:27 INFO  Price : Rs. 5.45 Lakh
07-07-2026 23:28:27 INFO  =========================
07-07-2026 23:28:27 INFO  Car Name : Maruti Swift VXI
07-07-2026 23:28:27 INFO  Price : Rs. 6.30 Lakh
07-07-2026 23:28:27 INFO  =========================
07-07-2026 23:28:27 INFO  Car Name : Maruti Swift VDI
07-07-2026 23:28:27 INFO  Price : Rs. 3.59 Lakh
07-07-2026 23:28:27 INFO  =========================
07-07-2026 23:28:27 INFO  Car Name : Maruti Swift VXI BSVI
07-07-2026 23:28:27 INFO  Price : Rs. 6.80 Lakh
07-07-2026 23:28:27 INFO  =========================
07-07-2026 23:28:28 INFO  Car Name : Maruti Swift AMT ZXI BSIV
07-07-2026 23:28:28 INFO  Price : Rs. 5.50 Lakh
07-07-2026 23:28:28 INFO  =========================
07-07-2026 23:28:28 INFO  Car Name : Maruti Swift ZXi Plus
07-07-2026 23:28:28 INFO  Price : Rs. 7.50 Lakh
07-07-2026 23:28:28 INFO  =========================
07-07-2026 23:28:28 INFO  Car Name : Maruti Swift LXI BSVI
07-07-2026 23:28:28 INFO  Price : Rs. 6.25 Lakh
07-07-2026 23:28:28 INFO  =========================
07-07-2026 23:28:28 INFO  Car Name : Honda City i-VTEC CVT ZX
07-07-2026 23:28:28 INFO  Price : Rs. 6.50 Lakh
07-07-2026 23:28:28 INFO  =========================
07-07-2026 23:28:28 INFO  Car Name : Hyundai i10 Magna
07-07-2026 23:28:28 INFO  Price : Rs. 3.25 Lakh
07-07-2026 23:28:28 INFO  =========================
07-07-2026 23:28:29 INFO  Car Name : Toyota Innova 2.0 G1
07-07-2026 23:28:29 INFO  Price : Rs. 5.90 Lakh
07-07-2026 23:28:29 INFO  =========================
07-07-2026 23:28:29 INFO  Car Name : Mahindra XUV500 W11 AT BSIV
07-07-2026 23:28:29 INFO  Price : Rs. 11.47 Lakh
07-07-2026 23:28:29 INFO  =========================
07-07-2026 23:28:29 INFO  Car Name : Toyota Innova 2.5 VX (Diesel) 7 Seater BS IV
07-07-2026 23:28:29 INFO  Price : Rs. 9.90 Lakh
07-07-2026 23:28:29 INFO  =========================
07-07-2026 23:28:29 INFO  Car Name : Hyundai i10 Magna
07-07-2026 23:28:29 INFO  Price : Rs. 3.15 Lakh
07-07-2026 23:28:29 INFO  =========================
07-07-2026 23:28:29 INFO  Car Name : Hyundai i10 Sportz
07-07-2026 23:28:29 INFO  Price : Rs. 2.65 Lakh
07-07-2026 23:28:29 INFO  =========================
07-07-2026 23:28:30 INFO  Car Name : Toyota Fortuner 2.8 2WD AT BSIV
07-07-2026 23:28:30 INFO  Price : Rs. 27.00 Lakh
07-07-2026 23:28:30 INFO  =========================
07-07-2026 23:28:30 INFO  Car Name : Honda City 1.5 EXI S
07-07-2026 23:28:30 INFO  Price : Rs. 2.25 Lakh
07-07-2026 23:28:30 INFO  =========================
07-07-2026 23:28:30 INFO  Car Name : Toyota Innova 2.5 G (Diesel) 7 Seater BS III
07-07-2026 23:28:30 INFO  Price : Rs. 5.90 Lakh
07-07-2026 23:28:30 INFO  =========================
07-07-2026 23:28:30 INFO  Car Name : Maruti Swift VXI
07-07-2026 23:28:30 INFO  Price : Rs. 4.80 Lakh
07-07-2026 23:28:30 INFO  =========================
07-07-2026 23:28:31 INFO  Car Name : Honda City i VTEC S
07-07-2026 23:28:31 INFO  Price : Rs. 4.50 Lakh
07-07-2026 23:28:31 INFO  =========================
07-07-2026 23:28:31 INFO  Car Name : Maruti Swift VXI
07-07-2026 23:28:31 INFO  Price : Rs. 3.40 Lakh
07-07-2026 23:28:31 INFO  =========================
07-07-2026 23:28:31 INFO  Car Name : Mahindra XUV500 W8 2WD
07-07-2026 23:28:31 INFO  Price : Rs. 7.50 Lakh
07-07-2026 23:28:31 INFO  =========================
07-07-2026 23:28:31 INFO  Car Name : Toyota Innova 2.5 VX (Diesel) 8 Seater
07-07-2026 23:28:31 INFO  Price : Rs. 9.90 Lakh
07-07-2026 23:28:31 INFO  =========================
07-07-2026 23:28:31 INFO  Car Name : Mahindra XUV500 W11 AT BSIV
07-07-2026 23:28:31 INFO  Price : Rs. 9.50 Lakh
07-07-2026 23:28:31 INFO  =========================
07-07-2026 23:28:32 INFO  Car Name : Toyota Fortuner 2.8 2WD AT BSIV
07-07-2026 23:28:32 INFO  Price : Rs. 26.50 Lakh
07-07-2026 23:28:32 INFO  =========================
07-07-2026 23:28:32 INFO  Car Name : Honda City 1.5 GXI
07-07-2026 23:28:32 INFO  Price : Rs. 1.60 Lakh
07-07-2026 23:28:32 INFO  =========================
07-07-2026 23:28:32 INFO  Car Name : Toyota Innova 2.5 G (Diesel) 7 Seater BS IV
07-07-2026 23:28:32 INFO  Price : Rs. 15.90 Lakh
07-07-2026 23:28:32 INFO  =========================
07-07-2026 23:28:32 INFO  Car Name : Hyundai i10 Sportz
07-07-2026 23:28:32 INFO  Price : Rs. 2.10 Lakh
07-07-2026 23:28:32 INFO  =========================
07-07-2026 23:28:32 INFO  Car Name : Maruti Swift LDI
07-07-2026 23:28:32 INFO  Price : Rs. 2.50 Lakh
07-07-2026 23:28:32 INFO  =========================
07-07-2026 23:28:33 INFO  Car Name : Toyota Fortuner 4x4 AT
07-07-2026 23:28:33 INFO  Price : Rs. 22.00 Lakh
07-07-2026 23:28:33 INFO  =========================
07-07-2026 23:28:33 INFO  Car Name : Toyota Innova 2.5 G (Diesel) 7 Seater BS IV
07-07-2026 23:28:33 INFO  Price : Rs. 10.75 Lakh
07-07-2026 23:28:33 INFO  =========================
07-07-2026 23:28:33 INFO  Car Name : Mahindra XUV500 W10 AWD
07-07-2026 23:28:33 INFO  Price : Rs. 9.00 Lakh
07-07-2026 23:28:33 INFO  =========================
07-07-2026 23:28:33 INFO  Car Name : Mahindra XUV500 W10 2WD
07-07-2026 23:28:33 INFO  Price : Rs. 7.00 Lakh
07-07-2026 23:28:33 INFO  =========================
07-07-2026 23:28:34 INFO  Car Name : Toyota Innova 2.5 G (Diesel) 7 Seater BS IV
07-07-2026 23:28:34 INFO  Price : Rs. 16.00 Lakh
07-07-2026 23:28:34 INFO  =========================
07-07-2026 23:28:34 INFO  Car Name : Honda City i-VTEC V
07-07-2026 23:28:34 INFO  Price : Rs. 7.20 Lakh
07-07-2026 23:28:34 INFO  =========================
07-07-2026 23:28:34 INFO  Car Name : Toyota Innova 2.5 G (Diesel) 7 Seater BS IV
07-07-2026 23:28:34 INFO  Price : Rs. 15.00 Lakh
07-07-2026 23:28:34 INFO  =========================
07-07-2026 23:28:34 INFO  Car Name : Toyota Innova 2.5 G (Diesel) 7 Seater BS IV
07-07-2026 23:28:34 INFO  Price : Rs. 12.50 Lakh
07-07-2026 23:28:34 INFO  =========================
07-07-2026 23:28:34 INFO  Car Name : Honda City i VTEC V
07-07-2026 23:28:34 INFO  Price : Rs. 6.99 Lakh
07-07-2026 23:28:34 INFO  =========================
07-07-2026 23:28:35 INFO  Car Name : Honda City 1.5 V MT Exclusive
07-07-2026 23:28:35 INFO  Price : Rs. 6.90 Lakh
07-07-2026 23:28:35 INFO  =========================
07-07-2026 23:28:35 INFO  Car Name : Honda City SV MT
07-07-2026 23:28:35 INFO  Price : Rs. 5.30 Lakh
07-07-2026 23:28:35 INFO  =========================
07-07-2026 23:28:35 INFO  Car Name : Honda City 1.5 V AT
07-07-2026 23:28:35 INFO  Price : Rs. 2.50 Lakh
07-07-2026 23:28:35 INFO  =========================
07-07-2026 23:28:35 INFO  Car Name : Honda City V
07-07-2026 23:28:35 INFO  Price : Rs. 10.17 Lakh
07-07-2026 23:28:35 INFO  =========================
07-07-2026 23:28:35 INFO  Car Name : Maruti Swift VXI
07-07-2026 23:28:35 INFO  Price : Rs. 5.50 Lakh
07-07-2026 23:28:35 INFO  =========================
07-07-2026 23:28:36 INFO  Car Name : Honda City ZX MT
07-07-2026 23:28:36 INFO  Price : Rs. 9.76 Lakh
07-07-2026 23:28:36 INFO  =========================
07-07-2026 23:28:36 INFO  Car Name : Honda City i-VTEC ZX
07-07-2026 23:28:36 INFO  Price : Rs. 11.00 Lakh
07-07-2026 23:28:36 INFO  =========================
07-07-2026 23:28:36 INFO  Car Name : Honda City V MT AVN
07-07-2026 23:28:36 INFO  Price : Rs. 4.35 Lakh
07-07-2026 23:28:36 INFO  =========================
07-07-2026 23:28:36 INFO  Car Name : Honda City 1.5 V MT Exclusive
07-07-2026 23:28:36 INFO  Price : Rs. 3.45 Lakh
07-07-2026 23:28:36 INFO  =========================
07-07-2026 23:28:36 INFO  Car Name : Maruti Swift ZDi
07-07-2026 23:28:36 INFO  Price : Rs. 4.55 Lakh
07-07-2026 23:28:36 INFO  =========================
07-07-2026 23:28:37 INFO  Car Name : Hyundai Santro Xing XO eRLX Euro II
07-07-2026 23:28:37 INFO  Price : Rs. 1.85 Lakh
07-07-2026 23:28:37 INFO  =========================
07-07-2026 23:28:37 INFO  Car Name : Maruti Swift VVT VXI
07-07-2026 23:28:37 INFO  Price : Rs. 4.10 Lakh
07-07-2026 23:28:37 INFO  =========================
07-07-2026 23:28:37 INFO  Car Name : Hyundai i10 Sportz 1.2 AT
07-07-2026 23:28:37 INFO  Price : Rs. 2.65 Lakh
07-07-2026 23:28:37 INFO  =========================
07-07-2026 23:28:37 INFO  Car Name : Hyundai i10 Magna
07-07-2026 23:28:37 INFO  Price : Rs. 1.85 Lakh
07-07-2026 23:28:37 INFO  =========================
07-07-2026 23:28:37 INFO  Car Name : Mahindra XUV500 R W10 FWD
07-07-2026 23:28:37 INFO  Price : Rs. 10.50 Lakh
07-07-2026 23:28:37 INFO  =========================
07-07-2026 23:28:38 INFO  Car Name : Mahindra XUV500 AT W10 AWD
07-07-2026 23:28:38 INFO  Price : Rs. 11.75 Lakh
07-07-2026 23:28:38 INFO  =========================
07-07-2026 23:28:38 INFO  Car Name : Honda City V
07-07-2026 23:28:38 INFO  Price : Rs. 9.41 Lakh
07-07-2026 23:28:38 INFO  =========================
07-07-2026 23:28:38 INFO  Car Name : Honda City VX MT
07-07-2026 23:28:38 INFO  Price : Rs. 9.40 Lakh
07-07-2026 23:28:38 INFO  =========================
07-07-2026 23:28:38 INFO  Car Name : Honda City ZX CVT
07-07-2026 23:28:38 INFO  Price : Rs. 10.48 Lakh
07-07-2026 23:28:38 INFO  =========================
07-07-2026 23:28:38 INFO  Car Details Written To Excel Successfully
07-07-2026 23:40:17 INFO  ============= Test Suite Started =============
07-07-2026 23:40:22 INFO  Browser Launched Successfully
07-07-2026 23:40:22 INFO  Browser : chrome
07-07-2026 23:40:22 INFO  Under 3 Lakh Cars Validation Started
07-07-2026 23:40:31 INFO  Used Cars Page Opened Successfully
07-07-2026 23:40:32 INFO  Chennai City Selected Successfully
07-07-2026 23:41:15 INFO  Car Details Written To Excel Successfully
07-07-2026 23:41:16 INFO  Under 3 Lakh Car : Hyundai i10 Sportz
07-07-2026 23:41:18 INFO  Under 3 Lakh Car : Hyundai i10 Sportz
07-07-2026 23:41:18 INFO  Under 3 Lakh Car : Hyundai i10 Sportz AT
07-07-2026 23:41:18 INFO  Under 3 Lakh Car : Hyundai i10 Magna 1.2
07-07-2026 23:41:18 INFO  Under 3 Lakh Car : Hyundai i10 Asta
07-07-2026 23:41:18 INFO  Under 3 Lakh Car : Hyundai i10 Sportz
07-07-2026 23:41:18 INFO  Under 3 Lakh Car : Honda City 1.5 EXI S
07-07-2026 23:41:19 INFO  Under 3 Lakh Car : Honda City 1.5 GXI
07-07-2026 23:41:19 INFO  Under 3 Lakh Car : Hyundai i10 Sportz
07-07-2026 23:41:19 INFO  Under 3 Lakh Car : Maruti Swift LDI
07-07-2026 23:41:19 INFO  Under 3 Lakh Car : Honda City 1.5 V AT
07-07-2026 23:41:19 INFO  Under 3 Lakh Car : Hyundai Santro Xing XO eRLX Euro II
07-07-2026 23:41:19 INFO  Under 3 Lakh Car : Hyundai i10 Sportz 1.2 AT
07-07-2026 23:41:19 INFO  Under 3 Lakh Car : Hyundai i10 Magna
07-07-2026 23:41:19 INFO  Under3LakhCars Sheet Created Successfully
07-07-2026 23:52:57 INFO  ============= Test Suite Started =============
07-07-2026 23:53:05 INFO  Browser Launched Successfully
07-07-2026 23:53:05 INFO  Browser : chrome
07-07-2026 23:53:05 INFO  Price Low To High Filter Validation Started
07-07-2026 23:53:58 INFO  Price Low To High Filter Applied Successfully
07-07-2026 23:54:01 INFO  ===== First 4 Cars After Sorting =====
07-07-2026 23:54:01 INFO  Car Name : Honda City 1.5 GXI
07-07-2026 23:54:01 INFO  Price : Rs. 1.60 Lakh
07-07-2026 23:54:01 INFO  =================================
07-07-2026 23:54:01 INFO  Car Name : Hyundai Santro Xing XO eRLX Euro II
07-07-2026 23:54:01 INFO  Price : Rs. 1.85 Lakh
07-07-2026 23:54:01 INFO  =================================
07-07-2026 23:54:01 INFO  Car Name : Hyundai i10 Magna
07-07-2026 23:54:01 INFO  Price : Rs. 1.85 Lakh
07-07-2026 23:54:01 INFO  =================================
07-07-2026 23:54:01 INFO  Car Name : Hyundai i10 Sportz
07-07-2026 23:54:01 INFO  Price : Rs. 2.10 Lakh
07-07-2026 23:54:01 INFO  =================================
07-07-2026 23:54:01 INFO  Price Low To High Sorting Validation Passed
07-07-2026 23:54:55 INFO  ============= Test Suite Started =============
07-07-2026 23:55:00 INFO  Browser Launched Successfully
07-07-2026 23:55:00 INFO  Browser : chrome
07-07-2026 23:55:00 INFO  Price Low To High Filter Validation Started
07-07-2026 23:55:48 INFO  Price Low To High Filter Applied Successfully
07-07-2026 23:55:51 INFO  ===== First 4 Cars After Sorting =====
07-07-2026 23:55:51 INFO  Car Name : Honda City 1.5 GXI
07-07-2026 23:55:51 INFO  Price : Rs. 1.60 Lakh
07-07-2026 23:55:51 INFO  =================================
07-07-2026 23:55:51 INFO  Car Name : Hyundai Santro Xing XO eRLX Euro II
07-07-2026 23:55:51 INFO  Price : Rs. 1.85 Lakh
07-07-2026 23:55:51 INFO  =================================
07-07-2026 23:55:51 INFO  Car Name : Hyundai i10 Magna
07-07-2026 23:55:51 INFO  Price : Rs. 1.85 Lakh
07-07-2026 23:55:51 INFO  =================================
07-07-2026 23:55:51 INFO  Car Name : Hyundai i10 Sportz
07-07-2026 23:55:51 INFO  Price : Rs. 2.10 Lakh
07-07-2026 23:55:51 INFO  =================================
07-07-2026 23:55:51 INFO  Price Low To High Sorting Validation Passed
07-07-2026 23:58:12 INFO  ============= Test Suite Started =============
07-07-2026 23:58:16 INFO  Browser Launched Successfully
07-07-2026 23:58:16 INFO  Browser : chrome
07-07-2026 23:58:16 INFO  KM Driven Filter Validation Started
07-07-2026 23:58:55 INFO  Price Low To High Filter Already Applied
07-07-2026 23:58:56 INFO  Less Than 5K Filter Applied Successfully
07-07-2026 23:58:56 INFO  KM Driven Filter Validation Passed
07-07-2026 23:58:57 INFO  ZigWheels Logo Clicked Successfully
08-07-2026 00:05:08 INFO  ============= Test Suite Started =============
08-07-2026 00:05:13 INFO  Browser Launched Successfully
08-07-2026 00:05:13 INFO  Browser : chrome
08-07-2026 00:05:13 INFO  Honda Manufacturer Filter Validation Started
08-07-2026 00:05:17 INFO  Upcoming Bikes Menu Clicked Successfully
08-07-2026 00:05:17 INFO  Upcoming Bikes Page Loaded Successfully
08-07-2026 00:05:17 INFO  Scrolled To Upcoming Bikes By Brand Section
08-07-2026 00:05:20 INFO  Honda Brand Clicked Successfully
08-07-2026 00:05:20 INFO  Honda Bikes Page Loaded Successfully
08-07-2026 00:05:25 INFO  Honda Bike Details Written To Excel Successfully
08-07-2026 00:10:07 INFO  ============= Test Suite Started =============
08-07-2026 00:10:12 INFO  Browser Launched Successfully
08-07-2026 00:10:12 INFO  Browser : chrome
08-07-2026 00:10:12 INFO  Under 4 Lakhs Bikes Validation Started
08-07-2026 00:10:15 INFO  Upcoming Bikes Menu Clicked Successfully
08-07-2026 00:10:23 INFO  Honda Bike Details Written To Excel Successfully
08-07-2026 00:10:25 INFO  Under 4 Lakhs Bikes Written To Excel Successfully
08-07-2026 00:16:41 INFO  ============= Test Suite Started =============
08-07-2026 00:16:52 INFO  Browser Launched Successfully
08-07-2026 00:16:52 INFO  Browser : chrome
08-07-2026 00:16:52 INFO  Popular Bikes Validation Started
08-07-2026 00:16:55 INFO  Upcoming Bikes Menu Clicked Successfully
08-07-2026 00:16:55 INFO  Scrolled To Upcoming Bikes By Brand Section
08-07-2026 00:16:59 INFO  Honda Brand Clicked Successfully
08-07-2026 00:16:59 INFO  Bike Name : Hero Splendor Plus
08-07-2026 00:16:59 INFO  Price : Rs. 77,557
08-07-2026 00:16:59 INFO  =================================
08-07-2026 00:16:59 INFO  Bike Name : Yamaha R15 V4
08-07-2026 00:16:59 INFO  Price : Rs. 1.71 Lakh
08-07-2026 00:16:59 INFO  =================================
08-07-2026 00:16:59 INFO  Bike Name : Royal Enfield Classic 350
08-07-2026 00:16:59 INFO  Price : Rs. 1.87 Lakh
08-07-2026 00:16:59 INFO  =================================
08-07-2026 00:17:00 INFO  Bike Name : TVS Raider
08-07-2026 00:17:00 INFO  Price : Rs. 82,860
08-07-2026 00:17:00 INFO  =================================
08-07-2026 00:17:00 INFO  Bike Name : Royal Enfield Bullet 350
08-07-2026 00:17:00 INFO  Price : Rs. 1.66 Lakh
08-07-2026 00:17:00 INFO  =================================
08-07-2026 00:17:00 INFO  Popular Bikes Printed Successfully
08-07-2026 00:20:36 INFO  ============= Test Suite Started =============
08-07-2026 00:20:47 INFO  Browser Launched Successfully
08-07-2026 00:20:47 INFO  Browser : chrome
08-07-2026 00:20:47 INFO  Scooters Only Validation Started
08-07-2026 00:20:50 INFO  Upcoming Bikes Menu Clicked Successfully
08-07-2026 00:20:50 INFO  Scrolled To Upcoming Bikes By Brand Section
08-07-2026 00:20:53 INFO  Honda Brand Clicked Successfully
08-07-2026 00:21:15 INFO  ============= Test Suite Started =============
08-07-2026 00:21:25 INFO  Browser Launched Successfully
08-07-2026 00:21:25 INFO  Browser : chrome
08-07-2026 00:21:25 INFO  Scooters Only Validation Started
08-07-2026 00:21:28 INFO  Upcoming Bikes Menu Clicked Successfully
08-07-2026 00:21:28 INFO  Scrolled To Upcoming Bikes By Brand Section
08-07-2026 00:21:32 INFO  Honda Brand Clicked Successfully
08-07-2026 00:21:32 INFO  Scooters Only Filter Clicked Successfully
08-07-2026 00:21:32 INFO  Honda ADV 160
Rs. 1.55 Lakh
Expected Launch : Dec 2026
Alert Me When Launched
08-07-2026 00:21:32 INFO  ================================
08-07-2026 00:21:32 INFO  Honda Forza 350
Rs. 3.70 Lakh
Expected Launch : Unrevealed
Alert Me When Launched
08-07-2026 00:21:32 INFO  ================================
08-07-2026 00:21:33 INFO  Honda PCX160
Rs. 1.20 Lakh
Expected Launch : Unrevealed
Alert Me When Launched
08-07-2026 00:21:33 INFO  ================================
08-07-2026 00:21:33 INFO  Honda Motocompacto
Price To Be Announced
Expected Launch : Unrevealed
Alert Me When Launched
08-07-2026 00:21:33 INFO  ================================
08-07-2026 00:21:33 INFO  Honda Activa 7G
Rs. 79,000
Expected Launch : Unrevealed
Alert Me When Launched
08-07-2026 00:21:33 INFO  ================================
08-07-2026 00:21:33 INFO  Honda SH125i
Price To Be Announced
Expected Launch : Unrevealed
Alert Me When Launched
08-07-2026 00:21:33 INFO  ================================
08-07-2026 00:21:33 INFO  Scooters Details Printed Successfully
08-07-2026 00:25:03 INFO  ============= Test Suite Started =============
08-07-2026 00:25:16 INFO  Browser Launched Successfully
08-07-2026 00:25:16 INFO  Browser : chrome
08-07-2026 00:25:16 INFO  TC_07 Started - Alert Me Button Validation
08-07-2026 00:25:19 INFO  Upcoming Bikes Menu Clicked Successfully
08-07-2026 00:25:19 INFO  Scrolled To Upcoming Bikes By Brand Section
08-07-2026 00:25:23 INFO  Honda Brand Clicked Successfully
08-07-2026 00:25:24 INFO  Scooters Only Filter Clicked Successfully
08-07-2026 00:25:24 INFO  Alert Me Button Clicked Successfully
08-07-2026 00:25:25 INFO  Pincode Entered Successfully
08-07-2026 00:25:27 INFO  Pincode Suggestion Selected Successfully
08-07-2026 00:25:28 INFO  Full Name Entered Successfully
08-07-2026 00:25:28 INFO  Mobile Number Entered Successfully
08-07-2026 00:25:29 INFO  OTP Field Displayed Successfully
08-07-2026 00:25:30 INFO  Popup Closed Successfully
08-07-2026 00:28:37 INFO  ============= Test Suite Started =============
08-07-2026 00:28:48 INFO  Browser Launched Successfully
08-07-2026 00:28:48 INFO  Browser : chrome
08-07-2026 00:28:50 INFO  Upcoming Bikes Menu Clicked Successfully
08-07-2026 00:28:51 INFO  Scrolled To Upcoming Bikes By Body Type Section
08-07-2026 00:28:51 INFO  Total Body Types Found : 4
08-07-2026 00:28:51 INFO  Body Type 1 : Cruiser
08-07-2026 00:28:51 INFO  ==============================
08-07-2026 00:28:51 INFO  Body Type 2 : Commuter
08-07-2026 00:28:51 INFO  ==============================
08-07-2026 00:28:51 INFO  Body Type 3 : Scooters
08-07-2026 00:28:51 INFO  ==============================
08-07-2026 00:28:51 INFO  Body Type 4 : Sports
08-07-2026 00:28:51 INFO  ==============================
08-07-2026 00:28:51 INFO  Total Body Types Printed : 4
08-07-2026 00:28:51 INFO  Upcoming Bikes By Body Type Printed Successfully
08-07-2026 00:28:51 INFO  TC_08 Completed Successfully
08-07-2026 00:44:45 INFO  ============= Test Suite Started =============
08-07-2026 00:44:56 INFO  Browser Launched Successfully
08-07-2026 00:44:56 INFO  Browser : chrome
08-07-2026 00:44:56 INFO  Upcoming Honda Bikes FAQs Validation Started
08-07-2026 00:50:24 INFO  ============= Test Suite Started =============
08-07-2026 00:50:34 INFO  Browser Launched Successfully
08-07-2026 00:50:34 INFO  Browser : chrome
08-07-2026 00:50:37 INFO  Upcoming Bikes Menu Clicked Successfully
08-07-2026 00:51:00 INFO  ============= Test Suite Started =============
08-07-2026 00:51:10 INFO  Browser Launched Successfully
08-07-2026 00:51:10 INFO  Browser : chrome
08-07-2026 00:51:13 INFO  Upcoming Bikes Menu Clicked Successfully
08-07-2026 00:51:13 INFO  Executing TC_03 Steps
08-07-2026 00:51:13 INFO  Scrolled To Upcoming Bikes By Brand Section
08-07-2026 00:51:17 INFO  Honda Brand Clicked Successfully
08-07-2026 00:51:17 INFO  Executing TC_21 Validation
08-07-2026 00:51:17 INFO  Scrolled To Upcoming Honda Bikes FAQs Section
08-07-2026 00:51:17 INFO  Total FAQ Questions Found : 6
08-07-2026 00:51:17 INFO  FAQ 1 : What are the upcoming honda bikes in India 2026?
08-07-2026 00:51:17 INFO  ================================
08-07-2026 00:51:17 INFO  FAQ 2 : What are the upcoming honda commuter bikes in India?
08-07-2026 00:51:17 INFO  ================================
08-07-2026 00:51:17 INFO  FAQ 3 : What are the upcoming honda scooters in India?
08-07-2026 00:51:17 INFO  ================================
08-07-2026 00:51:17 INFO  FAQ 4 : What are the upcoming honda sports bikes in India?
08-07-2026 00:51:17 INFO  ================================
08-07-2026 00:51:17 INFO  FAQ 5 : What are the upcoming honda cruiser bikes in India?
08-07-2026 00:51:17 INFO  ================================
08-07-2026 00:51:17 INFO  FAQ 6 : What are the upcoming honda bikes under 1 lakh?
08-07-2026 00:51:17 INFO  ================================
08-07-2026 00:51:17 INFO  Total FAQ Questions Printed : 6
08-07-2026 00:51:17 INFO  All FAQ Questions Printed Successfully
08-07-2026 00:51:19 INFO  ZigWheels Logo Clicked Successfully
08-07-2026 00:51:19 INFO  TC_21 Completed Successfully
08-07-2026 00:52:45 INFO  ============= Test Suite Started =============
08-07-2026 00:52:55 INFO  Browser Launched Successfully
08-07-2026 00:52:55 INFO  Browser : chrome
08-07-2026 01:09:04 INFO  ============= Test Suite Started =============
08-07-2026 01:09:14 INFO  Browser Launched Successfully
08-07-2026 01:09:14 INFO  Browser : chrome
08-07-2026 01:09:14 INFO  ============= Test Suite Execution Completed =============
08-07-2026 01:09:19 INFO  Browser Closed Successfully
08-07-2026 01:09:19 INFO  ============= Test Suite Started =============
08-07-2026 01:09:28 INFO  Browser Launched Successfully
08-07-2026 01:09:28 INFO  Browser : chrome
08-07-2026 01:09:28 INFO  Upcoming Bikes Validation Started
08-07-2026 01:09:31 INFO  Upcoming Bikes Menu Clicked Successfully
08-07-2026 01:09:31 INFO  Upcoming Bikes Page Loaded Successfully
08-07-2026 01:09:31 INFO  ============= Test Suite Execution Completed =============
08-07-2026 01:09:37 INFO  Browser Closed Successfully
08-07-2026 01:09:37 INFO  ============= Test Suite Started =============
08-07-2026 01:09:45 INFO  Browser Launched Successfully
08-07-2026 01:09:45 INFO  Browser : chrome
08-07-2026 01:09:45 INFO  Honda Manufacturer Filter Validation Started
08-07-2026 01:09:49 INFO  Upcoming Bikes Menu Clicked Successfully
08-07-2026 01:09:49 INFO  Scrolled To Upcoming Bikes By Brand Section
08-07-2026 01:09:52 INFO  Honda Brand Clicked Successfully
08-07-2026 01:10:01 INFO  Honda Bike Details Written To Excel Successfully
08-07-2026 01:10:01 INFO  ============= Test Suite Execution Completed =============
08-07-2026 01:10:09 INFO  Browser Closed Successfully
08-07-2026 01:10:09 INFO  ============= Test Suite Started =============
08-07-2026 01:10:18 INFO  Browser Launched Successfully
08-07-2026 01:10:18 INFO  Browser : chrome
08-07-2026 01:10:18 INFO  Under 4 Lakhs Bikes Validation Started
08-07-2026 01:10:20 INFO  Upcoming Bikes Menu Clicked Successfully
08-07-2026 01:10:29 INFO  Honda Bike Details Written To Excel Successfully
08-07-2026 01:10:37 INFO  Under 4 Lakhs Bikes Written To Excel Successfully
08-07-2026 01:10:37 INFO  ============= Test Suite Execution Completed =============
08-07-2026 01:10:44 INFO  Browser Closed Successfully
08-07-2026 01:10:44 INFO  ============= Test Suite Started =============
08-07-2026 01:10:52 INFO  Browser Launched Successfully
08-07-2026 01:10:52 INFO  Browser : chrome
08-07-2026 01:10:52 INFO  Popular Bikes Validation Started
08-07-2026 01:10:55 INFO  Upcoming Bikes Menu Clicked Successfully
08-07-2026 01:10:55 INFO  Bike Name : Hero Splendor Plus
08-07-2026 01:10:55 INFO  Price : Rs. 77,557
08-07-2026 01:10:55 INFO  =================================
08-07-2026 01:10:55 INFO  Bike Name : Yamaha R15 V4
08-07-2026 01:10:55 INFO  Price : Rs. 1.71 Lakh
08-07-2026 01:10:55 INFO  =================================
08-07-2026 01:10:55 INFO  Bike Name : Royal Enfield Classic 350
08-07-2026 01:10:55 INFO  Price : Rs. 1.87 Lakh
08-07-2026 01:10:55 INFO  =================================
08-07-2026 01:10:55 INFO  Bike Name : TVS Raider
08-07-2026 01:10:55 INFO  Price : Rs. 82,860
08-07-2026 01:10:55 INFO  =================================
08-07-2026 01:10:55 INFO  Bike Name : Royal Enfield Bullet 350
08-07-2026 01:10:55 INFO  Price : Rs. 1.66 Lakh
08-07-2026 01:10:55 INFO  =================================
08-07-2026 01:10:55 INFO  Popular Bikes Printed Successfully
08-07-2026 01:10:55 INFO  ============= Test Suite Execution Completed =============
08-07-2026 01:11:00 INFO  Browser Closed Successfully
08-07-2026 01:11:00 INFO  ============= Test Suite Started =============
08-07-2026 01:11:10 INFO  Browser Launched Successfully
08-07-2026 01:11:10 INFO  Browser : chrome
08-07-2026 01:11:10 INFO  Scooters Only Validation Started
08-07-2026 01:11:12 INFO  Upcoming Bikes Menu Clicked Successfully
08-07-2026 01:11:12 INFO  Scrolled To Upcoming Bikes By Brand Section
08-07-2026 01:11:15 INFO  Honda Brand Clicked Successfully
08-07-2026 01:11:26 INFO  ============= Test Suite Execution Completed =============
08-07-2026 01:11:33 INFO  Browser Closed Successfully
08-07-2026 01:11:33 INFO  ============= Test Suite Started =============
08-07-2026 01:11:42 INFO  Browser Launched Successfully
08-07-2026 01:11:42 INFO  Browser : chrome
08-07-2026 01:11:42 INFO  TC_07 Started - Alert Me Button Validation
08-07-2026 01:11:46 INFO  Upcoming Bikes Menu Clicked Successfully
08-07-2026 01:11:46 INFO  Scrolled To Upcoming Bikes By Brand Section
08-07-2026 01:11:49 INFO  Honda Brand Clicked Successfully
08-07-2026 01:11:50 INFO  Scooters Only Filter Clicked Successfully
08-07-2026 01:11:50 INFO  Alert Me Button Clicked Successfully
08-07-2026 01:11:51 INFO  Pincode Entered Successfully
08-07-2026 01:11:52 INFO  Pincode Suggestion Selected Successfully
08-07-2026 01:11:53 INFO  Full Name Entered Successfully
08-07-2026 01:11:53 INFO  Mobile Number Entered Successfully
08-07-2026 01:11:54 INFO  OTP Field Displayed Successfully
08-07-2026 01:11:54 INFO  Popup Closed Successfully
08-07-2026 01:11:54 INFO  ============= Test Suite Execution Completed =============
08-07-2026 01:12:01 INFO  Browser Closed Successfully
08-07-2026 01:12:01 INFO  ============= Test Suite Started =============
08-07-2026 01:12:10 INFO  Browser Launched Successfully
08-07-2026 01:12:10 INFO  Browser : chrome
08-07-2026 01:12:13 INFO  Upcoming Bikes Menu Clicked Successfully
08-07-2026 01:12:13 INFO  Scrolled To Upcoming Bikes By Body Type Section
08-07-2026 01:12:13 INFO  Total Body Types Found : 4
08-07-2026 01:12:13 INFO  Body Type 1 : Cruiser
08-07-2026 01:12:13 INFO  ==============================
08-07-2026 01:12:13 INFO  Body Type 2 : Commuter
08-07-2026 01:12:13 INFO  ==============================
08-07-2026 01:12:13 INFO  Body Type 3 : Scooters
08-07-2026 01:12:13 INFO  ==============================
08-07-2026 01:12:13 INFO  Body Type 4 : Sports
08-07-2026 01:12:13 INFO  ==============================
08-07-2026 01:12:13 INFO  Total Body Types Printed : 4
08-07-2026 01:12:13 INFO  Upcoming Bikes By Body Type Printed Successfully
08-07-2026 01:12:13 INFO  TC_08 Completed Successfully
08-07-2026 01:12:13 INFO  ============= Test Suite Execution Completed =============
08-07-2026 01:12:19 INFO  Browser Closed Successfully
08-07-2026 01:12:19 INFO  ============= Test Suite Started =============
08-07-2026 01:12:27 INFO  Browser Launched Successfully
08-07-2026 01:12:27 INFO  Browser : chrome
08-07-2026 01:12:30 INFO  Upcoming Bikes Menu Clicked Successfully
08-07-2026 01:12:30 INFO  Scrolled To Upcoming Bikes By Brand Section
08-07-2026 01:12:33 INFO  Honda Brand Clicked Successfully
08-07-2026 01:12:33 INFO  Scrolled To Upcoming Honda Bikes FAQs Section
08-07-2026 01:12:34 INFO  Total FAQ Questions Found : 6
08-07-2026 01:12:34 INFO  FAQ 1 : What are the upcoming honda bikes in India 2026?
08-07-2026 01:12:34 INFO  ================================
08-07-2026 01:12:34 INFO  FAQ 2 : What are the upcoming honda commuter bikes in India?
08-07-2026 01:12:34 INFO  ================================
08-07-2026 01:12:34 INFO  FAQ 3 : What are the upcoming honda scooters in India?
08-07-2026 01:12:34 INFO  ================================
08-07-2026 01:12:34 INFO  FAQ 4 : What are the upcoming honda sports bikes in India?
08-07-2026 01:12:34 INFO  ================================
08-07-2026 01:12:34 INFO  FAQ 5 : What are the upcoming honda cruiser bikes in India?
08-07-2026 01:12:34 INFO  ================================
08-07-2026 01:12:34 INFO  FAQ 6 : What are the upcoming honda bikes under 1 lakh?
08-07-2026 01:12:34 INFO  ================================
08-07-2026 01:12:34 INFO  Total FAQ Questions Printed : 6
08-07-2026 01:12:34 INFO  All FAQ Questions Printed Successfully
08-07-2026 01:12:36 INFO  ZigWheels Logo Clicked Successfully
08-07-2026 01:12:36 INFO  ============= Test Suite Execution Completed =============
08-07-2026 01:12:42 INFO  Browser Closed Successfully
08-07-2026 01:12:42 INFO  ============= Test Suite Started =============
08-07-2026 01:12:51 INFO  Browser Launched Successfully
08-07-2026 01:12:51 INFO  Browser : chrome
08-07-2026 01:12:51 INFO  Used Cars Validation Started
08-07-2026 01:12:55 INFO  Current URL : https://www.zigwheels.com/used-car
08-07-2026 01:12:55 INFO  Used Cars Section Loaded Successfully
08-07-2026 01:12:55 INFO  ============= Test Suite Execution Completed =============
08-07-2026 01:13:01 INFO  Browser Closed Successfully
08-07-2026 01:13:01 INFO  ============= Test Suite Started =============
08-07-2026 01:13:10 INFO  Browser Launched Successfully
08-07-2026 01:13:10 INFO  Browser : chrome
08-07-2026 01:13:10 INFO  Chennai City Selection Validation Started
08-07-2026 01:13:13 INFO  Used Cars Page Opened Successfully
08-07-2026 01:13:15 INFO  Current URL : https://www.zigwheels.com/used-car/Chennai
08-07-2026 01:13:15 INFO  Chennai City Selected Successfully
08-07-2026 01:13:15 INFO  ============= Test Suite Execution Completed =============
08-07-2026 01:13:20 INFO  Browser Closed Successfully
08-07-2026 01:13:20 INFO  ============= Test Suite Started =============
08-07-2026 01:13:29 INFO  Browser Launched Successfully
08-07-2026 01:13:29 INFO  Browser : chrome
08-07-2026 01:13:29 INFO  Popular Models Validation Started
08-07-2026 01:13:33 INFO  Used Cars Page Opened Successfully
08-07-2026 01:13:34 INFO  Chennai City Selected Successfully
08-07-2026 01:14:10 INFO  Car Details Written To Excel Successfully
08-07-2026 01:14:10 INFO  ============= Test Suite Execution Completed =============
08-07-2026 01:14:18 INFO  Browser Closed Successfully
08-07-2026 01:14:18 INFO  ============= Test Suite Started =============
08-07-2026 01:14:27 INFO  Browser Launched Successfully
08-07-2026 01:14:27 INFO  Browser : chrome
08-07-2026 01:14:27 INFO  Under 3 Lakh Cars Validation Started
08-07-2026 01:14:32 INFO  Used Cars Page Opened Successfully
08-07-2026 01:14:33 INFO  Chennai City Selected Successfully
08-07-2026 01:15:54 INFO  Car Details Written To Excel Successfully
08-07-2026 01:15:56 INFO  Under 3 Lakh Car : Hyundai i10 Sportz
08-07-2026 01:15:57 INFO  Under 3 Lakh Car : Hyundai Santro Xing XO eRLX Euro II
08-07-2026 01:15:57 INFO  Under 3 Lakh Car : Hyundai i10 Sportz 1.2 AT
08-07-2026 01:15:57 INFO  Under 3 Lakh Car : Hyundai i10 Magna
08-07-2026 01:15:58 INFO  Under 3 Lakh Car : Honda City 1.5 EXI S
08-07-2026 01:15:58 INFO  Under 3 Lakh Car : Honda City 1.5 GXI
08-07-2026 01:15:58 INFO  Under 3 Lakh Car : Hyundai i10 Asta
08-07-2026 01:15:58 INFO  Under 3 Lakh Car : Hyundai i10 Sportz
08-07-2026 01:15:59 INFO  Under 3 Lakh Car : Maruti Swift LDI
08-07-2026 01:15:59 INFO  Under 3 Lakh Car : Hyundai i10 Sportz AT
08-07-2026 01:15:59 INFO  Under 3 Lakh Car : Hyundai i10 Sportz
08-07-2026 01:16:00 INFO  Under 3 Lakh Car : Honda City 1.5 V AT
08-07-2026 01:16:04 INFO  Under 3 Lakh Car : Hyundai i10 Magna 1.2
08-07-2026 01:16:06 INFO  Under 3 Lakh Car : Hyundai i10 Sportz
08-07-2026 01:16:06 INFO  Under 3 Lakh Car : Hyundai i10 Sportz AT
08-07-2026 01:16:07 INFO  Under 3 Lakh Car : Hyundai i10 Sportz
08-07-2026 01:16:07 INFO  Under 3 Lakh Car : Honda City 1.5 EXI S
08-07-2026 01:16:08 INFO  Under 3 Lakh Car : Honda City 1.5 GXI
08-07-2026 01:16:08 INFO  Under 3 Lakh Car : Hyundai i10 Asta
08-07-2026 01:16:08 INFO  Under 3 Lakh Car : Hyundai i10 Sportz
08-07-2026 01:16:08 INFO  Under 3 Lakh Car : Maruti Swift LDI
08-07-2026 01:16:10 INFO  Under 3 Lakh Car : Honda City 1.5 V AT
08-07-2026 01:16:10 INFO  Under 3 Lakh Car : Hyundai Santro Xing XO eRLX Euro II
08-07-2026 01:16:10 INFO  Under 3 Lakh Car : Hyundai i10 Sportz 1.2 AT
08-07-2026 01:16:10 INFO  Under 3 Lakh Car : Hyundai i10 Magna
08-07-2026 01:16:11 INFO  Under3LakhCars Sheet Created Successfully
08-07-2026 01:16:11 INFO  ============= Test Suite Execution Completed =============
08-07-2026 01:16:19 INFO  Browser Closed Successfully
08-07-2026 01:16:19 INFO  ============= Test Suite Started =============
08-07-2026 01:16:33 INFO  Browser Launched Successfully
08-07-2026 01:16:33 INFO  Browser : chrome
08-07-2026 01:16:33 INFO  Price Low To High Filter Validation Started
08-07-2026 01:16:39 INFO  Used Cars Page Opened Successfully
08-07-2026 01:16:40 INFO  Chennai City Selected Successfully
08-07-2026 01:19:15 INFO  Scrolled upto all the cards
08-07-2026 01:19:17 INFO  Price Low To High Filter Applied Successfully
08-07-2026 01:19:20 INFO  ===== First 4 Cars After Sorting =====
08-07-2026 01:19:20 INFO  Car Name : Honda City 1.5 GXI
08-07-2026 01:19:20 INFO  Price : Rs. 1.60 Lakh
08-07-2026 01:19:20 INFO  =================================
08-07-2026 01:19:20 INFO  Car Name : Hyundai Santro Xing XO eRLX Euro II
08-07-2026 01:19:20 INFO  Price : Rs. 1.85 Lakh
08-07-2026 01:19:20 INFO  =================================
08-07-2026 01:19:20 INFO  Car Name : Hyundai i10 Magna
08-07-2026 01:19:20 INFO  Price : Rs. 1.85 Lakh
08-07-2026 01:19:20 INFO  =================================
08-07-2026 01:19:20 INFO  Car Name : Hyundai i10 Sportz
08-07-2026 01:19:20 INFO  Price : Rs. 2.10 Lakh
08-07-2026 01:19:20 INFO  =================================
08-07-2026 01:19:20 INFO  Price Low To High Sorting Validation Passed
08-07-2026 01:19:20 INFO  ============= Test Suite Execution Completed =============
08-07-2026 01:19:29 INFO  Browser Closed Successfully
08-07-2026 01:19:29 INFO  ============= Test Suite Started =============
08-07-2026 01:19:39 INFO  Browser Launched Successfully
08-07-2026 01:19:39 INFO  Browser : chrome
08-07-2026 01:19:39 INFO  KM Driven Filter Validation Started
08-07-2026 01:19:44 INFO  Used Cars Page Opened Successfully
08-07-2026 01:19:45 INFO  Chennai City Selected Successfully
08-07-2026 01:20:28 INFO  Scrolled upto all the cards
08-07-2026 01:20:28 INFO  Price Low To High Filter Applied
08-07-2026 01:20:31 INFO  Less Than 5K Filter Applied Successfully
08-07-2026 01:20:31 INFO  KM Driven Filter Validation Passed
08-07-2026 01:20:33 INFO  ZigWheels Logo Clicked Successfully
08-07-2026 01:20:33 INFO  ============= Test Suite Execution Completed =============
08-07-2026 01:20:41 INFO  Browser Closed Successfully
08-07-2026 01:20:41 INFO  ============= Test Suite Started =============
08-07-2026 01:20:48 INFO  Browser Launched Successfully
08-07-2026 01:20:48 INFO  Browser : chrome
08-07-2026 01:20:48 INFO  Google Login Button Validation Started
08-07-2026 01:20:49 INFO  Login/Register Button Clicked Successfully
08-07-2026 01:20:50 INFO  Google Sign-In Button Displayed Successfully
08-07-2026 01:20:50 INFO  Google Login Button Validation Passed
08-07-2026 01:20:51 INFO  Returned To Main Application Window Successfully
08-07-2026 01:20:51 INFO  ============= Test Suite Execution Completed =============
08-07-2026 01:20:55 INFO  Browser Closed Successfully
08-07-2026 01:20:55 INFO  ============= Test Suite Started =============
08-07-2026 01:21:05 INFO  Browser Launched Successfully
08-07-2026 01:21:05 INFO  Browser : chrome
08-07-2026 01:21:05 INFO  Invalid Email Validation Started
08-07-2026 01:21:05 INFO  Login/Register Button Clicked Successfully
08-07-2026 01:21:06 INFO  Google Login Button Clicked And Switched To OAuth Window
08-07-2026 01:21:11 INFO  Invalid Email Entered Successfully
08-07-2026 01:21:12 INFO  Captured Error Message : Enter a valid email or phone number
08-07-2026 01:21:12 INFO  Invalid Email Error Message Validated Successfully
08-07-2026 01:21:14 INFO  Returned To Main Application Window Successfully
08-07-2026 01:21:14 INFO  Invalid Email Validation Passed
08-07-2026 01:21:14 INFO  ============= Test Suite Execution Completed =============
08-07-2026 01:21:20 INFO  Browser Closed Successfully
08-07-2026 01:21:20 INFO  ============= Test Suite Started =============
08-07-2026 01:21:30 INFO  Browser Launched Successfully
08-07-2026 01:21:30 INFO  Browser : chrome
08-07-2026 01:21:30 INFO  Invalid Phone Number Validation Started
08-07-2026 01:21:31 INFO  Login/Register Button Clicked Successfully
08-07-2026 01:21:31 INFO  Google Login Button Clicked And Switched To OAuth Window
08-07-2026 01:21:36 INFO  Invalid Phone Number Entered Successfully
08-07-2026 01:21:45 INFO  Captured Error Message : Please re-enter the characters you see in the image above
08-07-2026 01:21:45 INFO  Phone Validation Message Captured Successfully
08-07-2026 01:21:47 INFO  Returned To Main Application Window Successfully
08-07-2026 01:21:47 INFO  ============= Test Suite Execution Completed =============
08-07-2026 01:21:54 INFO  Browser Closed Successfully
08-07-2026 01:21:54 INFO  ============= Test Suite Started =============
08-07-2026 01:22:03 INFO  Browser Launched Successfully
08-07-2026 01:22:03 INFO  Browser : chrome
08-07-2026 01:22:03 INFO  Valid Email Validation Started
08-07-2026 01:22:04 INFO  Login/Register Button Clicked Successfully
08-07-2026 01:22:05 INFO  Google Login Window Opened Successfully
08-07-2026 01:22:10 INFO  Valid Email Entered Successfully
08-07-2026 01:22:11 INFO  Returned To Main Application Window Successfully
08-07-2026 01:22:11 INFO  Valid Email Validation Passed
08-07-2026 01:22:11 INFO  ============= Test Suite Execution Completed =============
08-07-2026 01:22:20 INFO  Browser Closed Successfully
08-07-2026 01:22:20 INFO  ============= Test Suite Started =============
08-07-2026 01:22:29 INFO  Browser Launched Successfully
08-07-2026 01:22:29 INFO  Browser : chrome
08-07-2026 01:22:29 INFO  Invalid Password Validation Started
08-07-2026 01:22:30 INFO  Login/Register Button Clicked Successfully
08-07-2026 01:22:30 INFO  Google Login Window Opened Successfully
08-07-2026 01:22:34 INFO  Valid Email Entered Successfully
08-07-2026 01:22:58 INFO  Alternate Google Screen Encountered : Error Message Not Found
08-07-2026 01:22:58 INFO  Exception Message : stale element reference: stale element not found in the current frame
  (Session info: chrome=149.0.7827.103)
For documentation on this error, please visit: https://www.selenium.dev/documentation/webdriver/troubleshooting/errors#stale-element-reference-exception
Build info: version: '4.34.0', revision: '707dcb4246*'
System info: os.name: 'Windows 11', os.arch: 'amd64', os.version: '10.0', java.version: '21'
Driver info: org.openqa.selenium.chrome.ChromeDriver
Command: [582f84671de661e3e0bfe342ff9f3694, isElementDisplayed {id=f.8BE39CEE85C6DC8E0EC4B6818F9C6BE8.d.2D151A64BB9569213E5C14BE53CF23BA.e.4}]
Capabilities {acceptInsecureCerts: false, browserName: chrome, browserVersion: 149.0.7827.103, chrome: {chromedriverVersion: 149.0.7827.155 (07b52360cc1..., userDataDir: C:\Users\2497760\AppData\Lo...}, fedcm:accounts: true, goog:chromeOptions: {debuggerAddress: localhost:52764}, goog:processID: 25028, networkConnectionEnabled: false, pageLoadStrategy: normal, platformName: windows, proxy: Proxy(), se:cdp: ws://localhost:52764/devtoo..., se:cdpVersion: 149.0.7827.103, setWindowRect: true, strictFileInteractability: false, timeouts: {implicit: 0, pageLoad: 300000, script: 30000}, unhandledPromptBehavior: dismiss and notify, webauthn:extension:credBlob: true, webauthn:extension:largeBlob: true, webauthn:extension:minPinLength: true, webauthn:extension:prf: true, webauthn:virtualAuthenticators: true}
Element: [[ChromeDriver: chrome on windows (582f84671de661e3e0bfe342ff9f3694)] -> xpath: //input[@type='password'] | //input[@name='password'] | //div[@id='password']//input]
Session ID: 582f84671de661e3e0bfe342ff9f3694
08-07-2026 01:22:58 INFO  Handled Alternate Google Verification Flow
08-07-2026 01:22:59 INFO  Returned To Main Application Window Successfully
08-07-2026 01:22:59 INFO  Invalid Password Validation Passed
08-07-2026 01:22:59 INFO  ============= Test Suite Execution Completed =============
08-07-2026 01:23:06 INFO  Browser Closed Successfully
08-07-2026 01:23:06 INFO  ============= Test Suite Started =============
08-07-2026 01:23:11 INFO  Browser Launched Successfully
08-07-2026 01:23:11 INFO  Browser : chrome
08-07-2026 01:23:11 INFO  Valid Password Validation Started
08-07-2026 01:23:16 INFO  Login/Register Button Clicked Successfully
08-07-2026 01:23:17 INFO  Google Login Window Opened Successfully
08-07-2026 01:23:21 INFO  Valid Email Entered Successfully
08-07-2026 01:23:25 INFO  Valid Password Entered Successfully
08-07-2026 01:23:26 INFO  Returned To Main Application Window Successfully
08-07-2026 01:23:26 INFO  Valid Password Validation Passed
08-07-2026 01:23:26 INFO  ============= Test Suite Execution Completed =============
08-07-2026 01:23:34 INFO  Browser Closed Successfully
08-07-2026 01:26:00 INFO  ============= Test Suite Started =============
08-07-2026 01:26:12 INFO  Browser Launched Successfully
08-07-2026 01:26:12 INFO  Browser : chrome
08-07-2026 01:26:12 INFO  Scooters Only Validation Started
08-07-2026 01:26:15 INFO  Upcoming Bikes Menu Clicked Successfully
08-07-2026 01:26:15 INFO  Scrolled To Upcoming Bikes By Brand Section
08-07-2026 01:26:19 INFO  Honda Brand Clicked Successfully
08-07-2026 01:26:19 INFO  Scooters Only Filter Clicked Successfully
08-07-2026 01:26:19 INFO  Honda ADV 160
Rs. 1.55 Lakh
Expected Launch : Dec 2026
Alert Me When Launched
08-07-2026 01:26:19 INFO  ================================
08-07-2026 01:26:20 INFO  Honda Forza 350
Rs. 3.70 Lakh
Expected Launch : Unrevealed
Alert Me When Launched
08-07-2026 01:26:20 INFO  ================================
08-07-2026 01:26:20 INFO  Honda PCX160
Rs. 1.20 Lakh
Expected Launch : Unrevealed
Alert Me When Launched
08-07-2026 01:26:20 INFO  ================================
08-07-2026 01:26:20 INFO  Honda Motocompacto
Price To Be Announced
Expected Launch : Unrevealed
Alert Me When Launched
08-07-2026 01:26:20 INFO  ================================
08-07-2026 01:26:20 INFO  Honda Activa 7G
Rs. 79,000
Expected Launch : Unrevealed
Alert Me When Launched
08-07-2026 01:26:20 INFO  ================================
08-07-2026 01:26:20 INFO  Honda SH125i
Price To Be Announced
Expected Launch : Unrevealed
Alert Me When Launched
08-07-2026 01:26:20 INFO  ================================
08-07-2026 01:26:20 INFO  Scooters Details Printed Successfully
08-07-2026 01:26:20 INFO  ============= Test Suite Execution Completed =============
08-07-2026 01:26:26 INFO  Browser Closed Successfully
08-07-2026 01:26:47 INFO  ============= Test Suite Started =============
08-07-2026 01:26:57 INFO  Browser Launched Successfully
08-07-2026 01:26:57 INFO  Browser : chrome
08-07-2026 01:26:57 INFO  Invalid Password Validation Started
08-07-2026 01:26:58 INFO  Login/Register Button Clicked Successfully
08-07-2026 01:26:59 INFO  Google Login Window Opened Successfully
08-07-2026 01:27:03 INFO  Valid Email Entered Successfully
08-07-2026 01:27:08 INFO  Invalid Password Entered Successfully
08-07-2026 01:27:18 INFO  Captured Error Message : Wrong password. Try again or click "Try another way" for more options.
08-07-2026 01:27:18 INFO  Invalid Password Error Message Validated Successfully
08-07-2026 01:27:20 INFO  Returned To Main Application Window Successfully
08-07-2026 01:27:20 INFO  Invalid Password Validation Passed
08-07-2026 01:27:20 INFO  ============= Test Suite Execution Completed =============
08-07-2026 01:27:27 INFO  Browser Closed Successfully
08-07-2026 01:28:58 INFO  ============= Test Suite Started =============
08-07-2026 01:29:09 INFO  Browser Launched Successfully
08-07-2026 01:29:09 INFO  Browser : chrome
08-07-2026 01:29:09 INFO  Google Login Button Validation Started
08-07-2026 01:29:10 INFO  Login/Register Button Clicked Successfully
08-07-2026 01:29:10 INFO  Google Sign-In Button Displayed Successfully
08-07-2026 01:29:10 INFO  Google Login Button Validation Passed
08-07-2026 01:29:10 INFO  ============= Test Suite Execution Completed =============
08-07-2026 01:29:15 INFO  Browser Closed Successfully
08-07-2026 01:30:10 INFO  ============= Test Suite Started =============
08-07-2026 01:30:20 INFO  Browser Launched Successfully
08-07-2026 01:30:20 INFO  Browser : chrome
08-07-2026 01:30:20 INFO  Invalid Phone Number Validation Started
08-07-2026 01:30:20 INFO  Login/Register Button Clicked Successfully
08-07-2026 01:30:21 INFO  Google Login Button Clicked And Switched To OAuth Window
08-07-2026 01:30:25 INFO  Invalid Phone Number Entered Successfully
08-07-2026 01:30:33 INFO  Captured Error Message : Enter a valid email or phone number
08-07-2026 01:30:33 INFO  Phone Validation Message Captured Successfully
08-07-2026 01:30:33 INFO  ============= Test Suite Execution Completed =============
08-07-2026 01:30:40 INFO  Browser Closed Successfully
08-07-2026 01:36:49 INFO  ============= Test Suite Started =============
08-07-2026 01:36:59 INFO  Browser Launched Successfully
08-07-2026 01:36:59 INFO  Browser : chrome
08-07-2026 01:36:59 INFO  ============= Test Suite Execution Completed =============
08-07-2026 01:37:04 INFO  Browser Closed Successfully
08-07-2026 01:37:25 INFO  ============= Test Suite Started =============
08-07-2026 01:37:35 INFO  Browser Launched Successfully
08-07-2026 01:37:35 INFO  Browser : chrome
08-07-2026 01:37:35 INFO  ============= Test Suite Execution Completed =============
08-07-2026 01:37:39 INFO  Browser Closed Successfully
08-07-2026 01:47:11 INFO  ============= Test Class Started =============
08-07-2026 01:47:22 INFO  Browser Launched Successfully
08-07-2026 01:47:22 INFO  Browser : chrome
08-07-2026 01:47:22 INFO  ============= Test Class Completed =============
08-07-2026 01:47:26 INFO  Browser Closed Successfully
08-07-2026 01:49:36 INFO  ============= Test Suite Started =============
08-07-2026 01:49:46 INFO  Browser Launched Successfully
08-07-2026 01:49:46 INFO  Browser : chrome
08-07-2026 01:49:47 INFO  ============= Test Suite Execution Completed =============
08-07-2026 01:49:51 INFO  Browser Closed Successfully
08-07-2026 01:51:49 INFO  ============= Test Suite Started =============
08-07-2026 01:51:49 INFO  ============= Test Suite Started =============
08-07-2026 01:52:00 INFO  Browser Launched Successfully
08-07-2026 01:52:00 INFO  Browser : edge
08-07-2026 01:52:02 INFO  ============= Test Suite Execution Completed =============
08-07-2026 01:52:03 INFO  Browser Launched Successfully
08-07-2026 01:52:03 INFO  Browser : chrome
08-07-2026 01:52:03 INFO  ============= Test Suite Execution Completed =============
08-07-2026 01:52:07 INFO  Browser Closed Successfully
08-07-2026 01:52:08 INFO  Browser Closed Successfully
08-07-2026 08:48:57 INFO  ============= Test Suite Started =============
08-07-2026 08:48:57 INFO  ============= Test Suite Started =============
08-07-2026 08:49:16 INFO  Browser Launched Successfully
08-07-2026 08:49:16 INFO  Browser : chrome
08-07-2026 08:49:17 INFO  ============= Test Suite Execution Completed =============
08-07-2026 08:49:19 INFO  Browser Launched Successfully
08-07-2026 08:49:19 INFO  Browser : edge
08-07-2026 08:49:19 INFO  ============= Test Suite Execution Completed =============
08-07-2026 08:49:33 INFO  Browser Closed Successfully
08-07-2026 08:49:33 INFO  ============= Test Suite Started =============
08-07-2026 08:49:34 INFO  Browser Closed Successfully
08-07-2026 08:49:34 INFO  ============= Test Suite Started =============
08-07-2026 08:49:40 INFO  Browser Launched Successfully
08-07-2026 08:49:40 INFO  Browser : chrome
08-07-2026 08:49:40 INFO  Upcoming Bikes Validation Started
08-07-2026 08:49:42 INFO  Browser Launched Successfully
08-07-2026 08:49:42 INFO  Browser : edge
08-07-2026 08:49:42 INFO  Upcoming Bikes Validation Started
08-07-2026 08:49:47 INFO  Upcoming Bikes Menu Clicked Successfully
08-07-2026 08:49:48 INFO  Upcoming Bikes Page Loaded Successfully
08-07-2026 08:49:48 INFO  ============= Test Suite Execution Completed =============
08-07-2026 08:49:49 INFO  Upcoming Bikes Menu Clicked Successfully
08-07-2026 08:49:56 INFO  ============= Test Suite Execution Completed =============
08-07-2026 08:49:57 INFO  Browser Closed Successfully
08-07-2026 08:49:57 INFO  ============= Test Suite Started =============
08-07-2026 08:49:57 INFO  ============= Test Suite Started =============
08-07-2026 08:50:04 INFO  Browser Launched Successfully
08-07-2026 08:50:04 INFO  Browser : edge
08-07-2026 08:50:04 INFO  Honda Manufacturer Filter Validation Started
08-07-2026 08:50:12 INFO  Browser Launched Successfully
08-07-2026 08:50:12 INFO  Browser : chrome
08-07-2026 08:50:12 INFO  Honda Manufacturer Filter Validation Started
08-07-2026 08:50:14 INFO  Upcoming Bikes Menu Clicked Successfully
08-07-2026 08:50:14 INFO  Scrolled To Upcoming Bikes By Brand Section
08-07-2026 08:50:16 INFO  Upcoming Bikes Menu Clicked Successfully
08-07-2026 08:50:16 INFO  Scrolled To Upcoming Bikes By Brand Section
08-07-2026 08:50:17 INFO  Honda Brand Clicked Successfully
08-07-2026 08:50:19 INFO  Honda Brand Clicked Successfully
08-07-2026 08:50:24 INFO  ============= Test Suite Execution Completed =============
08-07-2026 08:50:33 INFO  Browser Closed Successfully
08-07-2026 08:50:33 INFO  ============= Test Suite Started =============
08-07-2026 08:50:44 INFO  Browser Launched Successfully
08-07-2026 08:50:44 INFO  Browser : chrome
08-07-2026 08:50:44 INFO  Under 4 Lakhs Bikes Validation Started
08-07-2026 08:51:40 INFO  ============= Test Suite Started =============
08-07-2026 08:51:51 INFO  Browser Launched Successfully
08-07-2026 08:51:51 INFO  Browser : chrome
08-07-2026 08:51:51 INFO  ============= Test Suite Execution Completed =============
08-07-2026 08:51:56 INFO  Browser Closed Successfully
08-07-2026 08:51:56 INFO  ============= Test Suite Started =============
08-07-2026 08:52:05 INFO  Browser Launched Successfully
08-07-2026 08:52:05 INFO  Browser : chrome
08-07-2026 08:52:05 INFO  Upcoming Bikes Validation Started
08-07-2026 08:52:08 INFO  Upcoming Bikes Menu Clicked Successfully
08-07-2026 08:52:08 INFO  Upcoming Bikes Page Loaded Successfully
08-07-2026 08:52:08 INFO  ============= Test Suite Execution Completed =============
08-07-2026 08:52:14 INFO  Browser Closed Successfully
08-07-2026 08:52:14 INFO  ============= Test Suite Started =============
08-07-2026 08:52:19 INFO  Browser Launched Successfully
08-07-2026 08:52:19 INFO  Browser : chrome
08-07-2026 08:52:19 INFO  Honda Manufacturer Filter Validation Started
08-07-2026 08:52:26 INFO  Upcoming Bikes Menu Clicked Successfully
08-07-2026 08:52:27 INFO  Scrolled To Upcoming Bikes By Brand Section
08-07-2026 08:52:30 INFO  Honda Brand Clicked Successfully
08-07-2026 08:52:41 INFO  Honda Bike Details Written To Excel Successfully
08-07-2026 08:52:41 INFO  ============= Test Suite Execution Completed =============
08-07-2026 08:52:50 INFO  Browser Closed Successfully
08-07-2026 08:52:50 INFO  ============= Test Suite Started =============
08-07-2026 08:52:55 INFO  Browser Launched Successfully
08-07-2026 08:52:55 INFO  Browser : chrome
08-07-2026 08:52:55 INFO  Under 4 Lakhs Bikes Validation Started
08-07-2026 08:53:02 INFO  Upcoming Bikes Menu Clicked Successfully
08-07-2026 08:53:10 INFO  Honda Bike Details Written To Excel Successfully
08-07-2026 08:53:26 INFO  Under 4 Lakhs Bikes Written To Excel Successfully
08-07-2026 08:53:26 INFO  ============= Test Suite Execution Completed =============
08-07-2026 08:53:31 INFO  Browser Closed Successfully
08-07-2026 08:53:31 INFO  ============= Test Suite Started =============
08-07-2026 08:53:37 INFO  Browser Launched Successfully
08-07-2026 08:53:37 INFO  Browser : chrome
08-07-2026 08:53:37 INFO  Popular Bikes Validation Started
08-07-2026 08:53:39 INFO  Upcoming Bikes Menu Clicked Successfully
08-07-2026 08:53:40 INFO  Bike Name : Hero Splendor Plus
08-07-2026 08:53:40 INFO  Price : Rs. 77,557
08-07-2026 08:53:40 INFO  =================================
08-07-2026 08:53:40 INFO  Bike Name : Royal Enfield Classic 350
08-07-2026 08:53:40 INFO  Price : Rs. 1.87 Lakh
08-07-2026 08:53:40 INFO  =================================
08-07-2026 08:53:40 INFO  Bike Name : Yamaha R15 V4
08-07-2026 08:53:40 INFO  Price : Rs. 1.71 Lakh
08-07-2026 08:53:40 INFO  =================================
08-07-2026 08:53:40 INFO  Bike Name : TVS Raider
08-07-2026 08:53:40 INFO  Price : Rs. 82,860
08-07-2026 08:53:40 INFO  =================================
08-07-2026 08:53:40 INFO  Bike Name : Royal Enfield Bullet 350
08-07-2026 08:53:40 INFO  Price : Rs. 1.66 Lakh
08-07-2026 08:53:40 INFO  =================================
08-07-2026 08:53:40 INFO  Popular Bikes Printed Successfully
08-07-2026 08:53:40 INFO  ============= Test Suite Execution Completed =============
08-07-2026 08:53:43 INFO  Browser Closed Successfully
08-07-2026 08:53:43 INFO  ============= Test Suite Started =============
08-07-2026 08:53:49 INFO  Browser Launched Successfully
08-07-2026 08:53:49 INFO  Browser : chrome
08-07-2026 08:53:49 INFO  Scooters Only Validation Started
08-07-2026 08:53:52 INFO  Upcoming Bikes Menu Clicked Successfully
08-07-2026 08:53:52 INFO  Scrolled To Upcoming Bikes By Brand Section
08-07-2026 08:53:54 INFO  Honda Brand Clicked Successfully
08-07-2026 08:53:54 INFO  Scooters Only Filter Clicked Successfully
08-07-2026 08:53:54 INFO  Honda ADV 160
Rs. 1.55 Lakh
Expected Launch : Dec 2026
Alert Me When Launched
08-07-2026 08:53:54 INFO  ================================
08-07-2026 08:53:54 INFO  Honda Forza 350
Rs. 3.70 Lakh
Expected Launch : Unrevealed
Alert Me When Launched
08-07-2026 08:53:54 INFO  ================================
08-07-2026 08:53:55 INFO  Honda PCX160
Rs. 1.20 Lakh
Expected Launch : Unrevealed
Alert Me When Launched
08-07-2026 08:53:55 INFO  ================================
08-07-2026 08:53:55 INFO  Honda Motocompacto
Price To Be Announced
Expected Launch : Unrevealed
Alert Me When Launched
08-07-2026 08:53:55 INFO  ================================
08-07-2026 08:53:55 INFO  Honda Activa 7G
Rs. 79,000
Expected Launch : Unrevealed
Alert Me When Launched
08-07-2026 08:53:55 INFO  ================================
08-07-2026 08:53:55 INFO  Honda SH125i
Price To Be Announced
Expected Launch : Unrevealed
Alert Me When Launched
08-07-2026 08:53:55 INFO  ================================
08-07-2026 08:53:55 INFO  Scooters Details Printed Successfully
08-07-2026 08:53:55 INFO  ============= Test Suite Execution Completed =============
08-07-2026 08:53:59 INFO  Browser Closed Successfully
08-07-2026 08:53:59 INFO  ============= Test Suite Started =============
08-07-2026 08:54:05 INFO  Browser Launched Successfully
08-07-2026 08:54:05 INFO  Browser : chrome
08-07-2026 08:54:05 INFO  TC_07 Started - Alert Me Button Validation
08-07-2026 08:54:07 INFO  Upcoming Bikes Menu Clicked Successfully
08-07-2026 08:54:07 INFO  Scrolled To Upcoming Bikes By Brand Section
08-07-2026 08:54:10 INFO  Honda Brand Clicked Successfully
08-07-2026 08:54:11 INFO  Scooters Only Filter Clicked Successfully
08-07-2026 08:54:11 INFO  Alert Me Button Clicked Successfully
08-07-2026 08:54:11 INFO  Pincode Entered Successfully
08-07-2026 08:54:13 INFO  Pincode Suggestion Selected Successfully
08-07-2026 08:54:13 INFO  Full Name Entered Successfully
08-07-2026 08:54:13 INFO  Mobile Number Entered Successfully
08-07-2026 08:54:14 INFO  OTP Field Displayed Successfully
08-07-2026 08:54:14 INFO  Popup Closed Successfully
08-07-2026 08:54:14 INFO  ============= Test Suite Execution Completed =============
08-07-2026 08:54:18 INFO  Browser Closed Successfully
08-07-2026 08:54:18 INFO  ============= Test Suite Started =============
08-07-2026 08:54:22 INFO  Browser Launched Successfully
08-07-2026 08:54:22 INFO  Browser : chrome
08-07-2026 08:54:25 INFO  Upcoming Bikes Menu Clicked Successfully
08-07-2026 08:54:25 INFO  Scrolled To Upcoming Bikes By Body Type Section
08-07-2026 08:54:25 INFO  Total Body Types Found : 4
08-07-2026 08:54:26 INFO  Body Type 1 : Cruiser
08-07-2026 08:54:26 INFO  ==============================
08-07-2026 08:54:26 INFO  Body Type 2 : Commuter
08-07-2026 08:54:26 INFO  ==============================
08-07-2026 08:54:26 INFO  Body Type 3 : Scooters
08-07-2026 08:54:26 INFO  ==============================
08-07-2026 08:54:26 INFO  Body Type 4 : Sports
08-07-2026 08:54:26 INFO  ==============================
08-07-2026 08:54:26 INFO  Total Body Types Printed : 4
08-07-2026 08:54:26 INFO  Upcoming Bikes By Body Type Printed Successfully
08-07-2026 08:54:26 INFO  TC_08 Completed Successfully
08-07-2026 08:54:26 INFO  ============= Test Suite Execution Completed =============
08-07-2026 08:54:29 INFO  Browser Closed Successfully
08-07-2026 08:54:29 INFO  ============= Test Suite Started =============
08-07-2026 08:54:35 INFO  Browser Launched Successfully
08-07-2026 08:54:35 INFO  Browser : chrome
08-07-2026 08:54:35 INFO  Used Cars Validation Started
08-07-2026 08:54:38 INFO  Current URL : https://www.zigwheels.com/used-car
08-07-2026 08:54:38 INFO  Used Cars Section Loaded Successfully
08-07-2026 08:54:38 INFO  ============= Test Suite Execution Completed =============
08-07-2026 08:54:41 INFO  Browser Closed Successfully
08-07-2026 08:54:41 INFO  ============= Test Suite Started =============
08-07-2026 08:54:47 INFO  Browser Launched Successfully
08-07-2026 08:54:47 INFO  Browser : chrome
08-07-2026 08:54:47 INFO  Chennai City Selection Validation Started
08-07-2026 08:54:50 INFO  Used Cars Page Opened Successfully
08-07-2026 08:54:51 INFO  Current URL : https://www.zigwheels.com/used-car/Chennai
08-07-2026 08:54:51 INFO  Chennai City Selected Successfully
08-07-2026 08:54:51 INFO  ============= Test Suite Execution Completed =============
08-07-2026 08:54:54 INFO  Browser Closed Successfully
08-07-2026 08:54:54 INFO  ============= Test Suite Started =============
08-07-2026 08:55:00 INFO  Browser Launched Successfully
08-07-2026 08:55:00 INFO  Browser : chrome
08-07-2026 08:55:00 INFO  Popular Models Validation Started
08-07-2026 08:55:03 INFO  Used Cars Page Opened Successfully
08-07-2026 08:55:04 INFO  Chennai City Selected Successfully
08-07-2026 08:55:38 INFO  Car Details Written To Excel Successfully
08-07-2026 08:55:38 INFO  ============= Test Suite Execution Completed =============
08-07-2026 08:55:43 INFO  Browser Closed Successfully
08-07-2026 08:55:43 INFO  ============= Test Suite Started =============
08-07-2026 08:55:47 INFO  Browser Launched Successfully
08-07-2026 08:55:47 INFO  Browser : chrome
08-07-2026 08:55:47 INFO  Under 3 Lakh Cars Validation Started
08-07-2026 08:55:50 INFO  Used Cars Page Opened Successfully
08-07-2026 08:56:10 INFO  ============= Test Suite Execution Completed =============
08-07-2026 08:56:15 INFO  Browser Closed Successfully
08-07-2026 08:56:15 INFO  ============= Test Suite Started =============
08-07-2026 08:56:21 INFO  Browser Launched Successfully
08-07-2026 08:56:21 INFO  Browser : chrome
08-07-2026 08:56:21 INFO  Price Low To High Filter Validation Started
08-07-2026 08:56:24 INFO  Used Cars Page Opened Successfully
08-07-2026 08:56:25 INFO  Chennai City Selected Successfully
08-07-2026 08:57:30 INFO  Scrolled upto all the cards
08-07-2026 08:57:30 INFO  Price Low To High Filter Applied Successfully
08-07-2026 08:57:33 INFO  ===== First 4 Cars After Sorting =====
08-07-2026 08:57:33 INFO  Car Name : Honda City 1.5 GXI
08-07-2026 08:57:33 INFO  Price : Rs. 1.60 Lakh
08-07-2026 08:57:33 INFO  =================================
08-07-2026 08:57:33 INFO  Car Name : Hyundai Santro Xing XO eRLX Euro II
08-07-2026 08:57:33 INFO  Price : Rs. 1.85 Lakh
08-07-2026 08:57:33 INFO  =================================
08-07-2026 08:57:33 INFO  Car Name : Hyundai i10 Magna
08-07-2026 08:57:33 INFO  Price : Rs. 1.85 Lakh
08-07-2026 08:57:33 INFO  =================================
08-07-2026 08:57:33 INFO  Car Name : Hyundai i10 Sportz
08-07-2026 08:57:33 INFO  Price : Rs. 2.10 Lakh
08-07-2026 08:57:33 INFO  =================================
08-07-2026 08:57:33 INFO  Price Low To High Sorting Validation Passed
08-07-2026 08:57:33 INFO  ============= Test Suite Execution Completed =============
08-07-2026 08:57:39 INFO  Browser Closed Successfully
08-07-2026 08:57:39 INFO  ============= Test Suite Started =============
08-07-2026 08:57:44 INFO  Browser Launched Successfully
08-07-2026 08:57:44 INFO  Browser : chrome
08-07-2026 08:57:44 INFO  KM Driven Filter Validation Started
08-07-2026 08:57:47 INFO  Used Cars Page Opened Successfully
08-07-2026 08:57:48 INFO  Chennai City Selected Successfully
08-07-2026 08:58:47 INFO  Scrolled upto all the cards
08-07-2026 08:58:48 INFO  Price Low To High Filter Applied
08-07-2026 08:58:50 INFO  Less Than 5K Filter Applied Successfully
08-07-2026 08:58:50 INFO  KM Driven Filter Validation Passed
08-07-2026 08:58:50 INFO  ZigWheels Logo Clicked Successfully
08-07-2026 08:58:50 INFO  ============= Test Suite Execution Completed =============
08-07-2026 08:58:56 INFO  Browser Closed Successfully
08-07-2026 08:58:56 INFO  ============= Test Suite Started =============
08-07-2026 08:58:59 INFO  Browser Launched Successfully
08-07-2026 08:58:59 INFO  Browser : chrome
08-07-2026 08:58:59 INFO  Google Login Button Validation Started
08-07-2026 08:59:00 INFO  Login/Register Button Clicked Successfully
08-07-2026 08:59:01 INFO  Google Sign-In Button Displayed Successfully
08-07-2026 08:59:01 INFO  Google Login Button Validation Passed
08-07-2026 08:59:01 INFO  ============= Test Suite Execution Completed =============
08-07-2026 08:59:03 INFO  Browser Closed Successfully
08-07-2026 08:59:03 INFO  ============= Test Suite Started =============
08-07-2026 08:59:09 INFO  Browser Launched Successfully
08-07-2026 08:59:09 INFO  Browser : chrome
08-07-2026 08:59:09 INFO  Invalid Email Validation Started
08-07-2026 08:59:09 INFO  Login/Register Button Clicked Successfully
08-07-2026 08:59:10 INFO  Google Login Button Clicked And Switched To OAuth Window
08-07-2026 08:59:13 INFO  Invalid Email Entered Successfully
08-07-2026 08:59:13 INFO  Captured Error Message : Enter a valid email or phone number
08-07-2026 08:59:13 INFO  Invalid Email Error Message Validated Successfully
08-07-2026 08:59:13 INFO  Invalid Email Validation Passed
08-07-2026 08:59:13 INFO  ============= Test Suite Execution Completed =============
08-07-2026 08:59:17 INFO  Browser Closed Successfully
08-07-2026 08:59:17 INFO  ============= Test Suite Started =============
08-07-2026 08:59:23 INFO  Browser Launched Successfully
08-07-2026 08:59:23 INFO  Browser : chrome
08-07-2026 08:59:23 INFO  Invalid Phone Number Validation Started
08-07-2026 08:59:23 INFO  Login/Register Button Clicked Successfully
08-07-2026 08:59:23 INFO  Google Login Button Clicked And Switched To OAuth Window
08-07-2026 08:59:26 INFO  Invalid Phone Number Entered Successfully
08-07-2026 08:59:27 INFO  Captured Error Message : Enter a valid email or phone number
08-07-2026 08:59:27 INFO  Phone Validation Message Captured Successfully
08-07-2026 08:59:27 INFO  ============= Test Suite Execution Completed =============
08-07-2026 08:59:31 INFO  Browser Closed Successfully
08-07-2026 08:59:31 INFO  ============= Test Suite Started =============
08-07-2026 08:59:36 INFO  Browser Launched Successfully
08-07-2026 08:59:36 INFO  Browser : chrome
08-07-2026 08:59:36 INFO  Valid Email Validation Started
08-07-2026 08:59:36 INFO  Login/Register Button Clicked Successfully
08-07-2026 08:59:37 INFO  Google Login Window Opened Successfully
08-07-2026 08:59:40 INFO  Valid Email Entered Successfully
08-07-2026 08:59:40 INFO  Valid Email Validation Passed
08-07-2026 08:59:40 INFO  ============= Test Suite Execution Completed =============
08-07-2026 08:59:43 INFO  Browser Closed Successfully
08-07-2026 08:59:43 INFO  ============= Test Suite Started =============
08-07-2026 08:59:49 INFO  Browser Launched Successfully
08-07-2026 08:59:49 INFO  Browser : chrome
08-07-2026 08:59:49 INFO  Invalid Password Validation Started
08-07-2026 08:59:49 INFO  Login/Register Button Clicked Successfully
08-07-2026 08:59:50 INFO  Google Login Window Opened Successfully
08-07-2026 08:59:52 INFO  Valid Email Entered Successfully
08-07-2026 09:00:16 INFO  Alternate Google Screen Encountered : Error Message Not Found
08-07-2026 09:00:16 INFO  Exception Message : stale element reference: stale element not found in the current frame
  (Session info: chrome=149.0.7827.103)
For documentation on this error, please visit: https://www.selenium.dev/documentation/webdriver/troubleshooting/errors#stale-element-reference-exception
Build info: version: '4.34.0', revision: '707dcb4246*'
System info: os.name: 'Windows 11', os.arch: 'amd64', os.version: '10.0', java.version: '21'
Driver info: org.openqa.selenium.chrome.ChromeDriver
Command: [a0f05a156520f9cb3f6f139d984aef9b, isElementDisplayed {id=f.BC6BA94AD07F58723907B992855CE7DB.d.F05D6293BE567EFE2BBC1638D18755AD.e.6}]
Capabilities {acceptInsecureCerts: false, browserName: chrome, browserVersion: 149.0.7827.103, chrome: {chromedriverVersion: 149.0.7827.155 (07b52360cc1..., userDataDir: C:\Users\2497760\AppData\Lo...}, fedcm:accounts: true, goog:chromeOptions: {debuggerAddress: localhost:62050}, goog:processID: 9496, networkConnectionEnabled: false, pageLoadStrategy: normal, platformName: windows, proxy: Proxy(), se:cdp: ws://localhost:62050/devtoo..., se:cdpVersion: 149.0.7827.103, setWindowRect: true, strictFileInteractability: false, timeouts: {implicit: 0, pageLoad: 300000, script: 30000}, unhandledPromptBehavior: dismiss and notify, webauthn:extension:credBlob: true, webauthn:extension:largeBlob: true, webauthn:extension:minPinLength: true, webauthn:extension:prf: true, webauthn:virtualAuthenticators: true}
Element: [[ChromeDriver: chrome on windows (a0f05a156520f9cb3f6f139d984aef9b)] -> xpath: //input[@type='password'] | //input[@name='password'] | //div[@id='password']//input]
Session ID: a0f05a156520f9cb3f6f139d984aef9b
08-07-2026 09:00:16 INFO  Handled Alternate Google Verification Flow
08-07-2026 09:00:16 INFO  Invalid Password Validation Passed
08-07-2026 09:00:16 INFO  ============= Test Suite Execution Completed =============
08-07-2026 09:00:20 INFO  Browser Closed Successfully
08-07-2026 09:00:20 INFO  ============= Test Suite Started =============
08-07-2026 09:00:26 INFO  Browser Launched Successfully
08-07-2026 09:00:26 INFO  Browser : chrome
08-07-2026 09:00:26 INFO  Valid Password Validation Started
08-07-2026 09:00:26 INFO  Login/Register Button Clicked Successfully
08-07-2026 09:00:27 INFO  Google Login Window Opened Successfully
08-07-2026 09:00:30 INFO  Valid Email Entered Successfully
08-07-2026 09:00:33 INFO  Valid Password Entered Successfully
08-07-2026 09:00:33 INFO  Valid Password Validation Passed
08-07-2026 09:00:33 INFO  ============= Test Suite Execution Completed =============
08-07-2026 09:00:36 INFO  Browser Closed Successfully
08-07-2026 09:00:36 INFO  ============= Test Suite Started =============
08-07-2026 09:00:42 INFO  Browser Launched Successfully
08-07-2026 09:00:42 INFO  Browser : chrome
08-07-2026 09:00:44 INFO  Upcoming Bikes Menu Clicked Successfully
08-07-2026 09:00:44 INFO  Scrolled To Upcoming Bikes By Brand Section
08-07-2026 09:00:47 INFO  Honda Brand Clicked Successfully
08-07-2026 09:00:47 INFO  Scrolled To Upcoming Honda Bikes FAQs Section
08-07-2026 09:00:47 INFO  Total FAQ Questions Found : 6
08-07-2026 09:00:47 INFO  FAQ 1 : What are the upcoming honda bikes in India 2026?
08-07-2026 09:00:47 INFO  ================================
08-07-2026 09:00:47 INFO  FAQ 2 : What are the upcoming honda commuter bikes in India?
08-07-2026 09:00:47 INFO  ================================
08-07-2026 09:00:47 INFO  FAQ 3 : What are the upcoming honda scooters in India?
08-07-2026 09:00:47 INFO  ================================
08-07-2026 09:00:47 INFO  FAQ 4 : What are the upcoming honda sports bikes in India?
08-07-2026 09:00:47 INFO  ================================
08-07-2026 09:00:47 INFO  FAQ 5 : What are the upcoming honda cruiser bikes in India?
08-07-2026 09:00:47 INFO  ================================
08-07-2026 09:00:47 INFO  FAQ 6 : What are the upcoming honda bikes under 1 lakh?
08-07-2026 09:00:47 INFO  ================================
08-07-2026 09:00:47 INFO  Total FAQ Questions Printed : 6
08-07-2026 09:00:47 INFO  All FAQ Questions Printed Successfully
08-07-2026 09:00:48 INFO  ZigWheels Logo Clicked Successfully
08-07-2026 09:00:48 INFO  ============= Test Suite Execution Completed =============
08-07-2026 09:00:53 INFO  Browser Closed Successfully
08-07-2026 09:01:43 INFO  ============= Test Suite Started =============
08-07-2026 09:01:47 INFO  Browser Launched Successfully
08-07-2026 09:01:47 INFO  Browser : chrome
08-07-2026 09:01:47 INFO  ============= Test Suite Execution Completed =============
08-07-2026 09:01:50 INFO  Browser Closed Successfully
08-07-2026 09:01:50 INFO  ============= Test Suite Started =============
08-07-2026 09:01:55 INFO  Browser Launched Successfully
08-07-2026 09:01:55 INFO  Browser : chrome
08-07-2026 09:01:55 INFO  Upcoming Bikes Validation Started
08-07-2026 09:01:58 INFO  Upcoming Bikes Menu Clicked Successfully
08-07-2026 09:01:58 INFO  Upcoming Bikes Page Loaded Successfully
08-07-2026 09:01:58 INFO  ============= Test Suite Execution Completed =============
08-07-2026 09:02:02 INFO  Browser Closed Successfully
08-07-2026 09:02:02 INFO  ============= Test Suite Started =============
08-07-2026 09:02:08 INFO  Browser Launched Successfully
08-07-2026 09:02:08 INFO  Browser : chrome
08-07-2026 09:02:08 INFO  Honda Manufacturer Filter Validation Started
08-07-2026 09:02:10 INFO  Upcoming Bikes Menu Clicked Successfully
08-07-2026 09:02:10 INFO  Scrolled To Upcoming Bikes By Brand Section
08-07-2026 09:02:13 INFO  Honda Brand Clicked Successfully
08-07-2026 09:02:18 INFO  Honda Bike Details Written To Excel Successfully
08-07-2026 09:02:18 INFO  ============= Test Suite Execution Completed =============
08-07-2026 09:02:23 INFO  Browser Closed Successfully
08-07-2026 09:02:23 INFO  ============= Test Suite Started =============
08-07-2026 09:02:28 INFO  Browser Launched Successfully
08-07-2026 09:02:28 INFO  Browser : chrome
08-07-2026 09:02:28 INFO  Under 4 Lakhs Bikes Validation Started
08-07-2026 09:02:31 INFO  Upcoming Bikes Menu Clicked Successfully
08-07-2026 09:02:37 INFO  Honda Bike Details Written To Excel Successfully
08-07-2026 09:02:51 INFO  Under 4 Lakhs Bikes Written To Excel Successfully
08-07-2026 09:02:51 INFO  ============= Test Suite Execution Completed =============
08-07-2026 09:02:56 INFO  Browser Closed Successfully
08-07-2026 09:02:56 INFO  ============= Test Suite Started =============
08-07-2026 09:03:00 INFO  Browser Launched Successfully
08-07-2026 09:03:00 INFO  Browser : chrome
08-07-2026 09:03:00 INFO  Popular Bikes Validation Started
08-07-2026 09:03:03 INFO  Upcoming Bikes Menu Clicked Successfully
08-07-2026 09:03:03 INFO  Bike Name : Hero Splendor Plus
08-07-2026 09:03:03 INFO  Price : Rs. 77,557
08-07-2026 09:03:03 INFO  =================================
08-07-2026 09:03:03 INFO  Bike Name : Royal Enfield Classic 350
08-07-2026 09:03:03 INFO  Price : Rs. 1.87 Lakh
08-07-2026 09:03:03 INFO  =================================
08-07-2026 09:03:03 INFO  Bike Name : Yamaha R15 V4
08-07-2026 09:03:03 INFO  Price : Rs. 1.71 Lakh
08-07-2026 09:03:03 INFO  =================================
08-07-2026 09:03:03 INFO  Bike Name : TVS Raider
08-07-2026 09:03:03 INFO  Price : Rs. 82,860
08-07-2026 09:03:03 INFO  =================================
08-07-2026 09:03:03 INFO  Bike Name : Royal Enfield Bullet 350
08-07-2026 09:03:03 INFO  Price : Rs. 1.66 Lakh
08-07-2026 09:03:03 INFO  =================================
08-07-2026 09:03:03 INFO  Popular Bikes Printed Successfully
08-07-2026 09:03:03 INFO  ============= Test Suite Execution Completed =============
08-07-2026 09:03:07 INFO  Browser Closed Successfully
08-07-2026 09:03:07 INFO  ============= Test Suite Started =============
08-07-2026 09:03:12 INFO  Browser Launched Successfully
08-07-2026 09:03:12 INFO  Browser : chrome
08-07-2026 09:03:12 INFO  Scooters Only Validation Started
08-07-2026 09:03:14 INFO  Upcoming Bikes Menu Clicked Successfully
08-07-2026 09:03:14 INFO  Scrolled To Upcoming Bikes By Brand Section
08-07-2026 09:03:16 INFO  Honda Brand Clicked Successfully
08-07-2026 09:03:16 INFO  Scooters Only Filter Clicked Successfully
08-07-2026 09:03:16 INFO  Honda ADV 160
Rs. 1.55 Lakh
Expected Launch : Dec 2026
Alert Me When Launched
08-07-2026 09:03:16 INFO  ================================
08-07-2026 09:03:16 INFO  Honda Forza 350
Rs. 3.70 Lakh
Expected Launch : Unrevealed
Alert Me When Launched
08-07-2026 09:03:16 INFO  ================================
08-07-2026 09:03:16 INFO  Honda PCX160
Rs. 1.20 Lakh
Expected Launch : Unrevealed
Alert Me When Launched
08-07-2026 09:03:16 INFO  ================================
08-07-2026 09:03:16 INFO  Honda Motocompacto
Price To Be Announced
Expected Launch : Unrevealed
Alert Me When Launched
08-07-2026 09:03:16 INFO  ================================
08-07-2026 09:03:17 INFO  Honda Activa 7G
Rs. 79,000
Expected Launch : Unrevealed
Alert Me When Launched
08-07-2026 09:03:17 INFO  ================================
08-07-2026 09:03:17 INFO  Honda SH125i
Price To Be Announced
Expected Launch : Unrevealed
Alert Me When Launched
08-07-2026 09:03:17 INFO  ================================
08-07-2026 09:03:17 INFO  Scooters Details Printed Successfully
08-07-2026 09:03:17 INFO  ============= Test Suite Execution Completed =============
08-07-2026 09:03:20 INFO  Browser Closed Successfully
08-07-2026 09:03:20 INFO  ============= Test Suite Started =============
08-07-2026 09:03:25 INFO  Browser Launched Successfully
08-07-2026 09:03:25 INFO  Browser : chrome
08-07-2026 09:03:25 INFO  TC_07 Started - Alert Me Button Validation
08-07-2026 09:03:28 INFO  Upcoming Bikes Menu Clicked Successfully
08-07-2026 09:03:28 INFO  Scrolled To Upcoming Bikes By Brand Section
08-07-2026 09:03:31 INFO  Honda Brand Clicked Successfully
08-07-2026 09:03:31 INFO  Scooters Only Filter Clicked Successfully
08-07-2026 09:03:31 INFO  Alert Me Button Clicked Successfully
08-07-2026 09:03:32 INFO  Pincode Entered Successfully
08-07-2026 09:03:33 INFO  Pincode Suggestion Selected Successfully
08-07-2026 09:03:33 INFO  Full Name Entered Successfully
08-07-2026 09:03:33 INFO  Mobile Number Entered Successfully
08-07-2026 09:03:34 INFO  OTP Field Displayed Successfully
08-07-2026 09:03:34 INFO  Popup Closed Successfully
08-07-2026 09:03:34 INFO  ============= Test Suite Execution Completed =============
08-07-2026 09:03:40 INFO  Browser Closed Successfully
08-07-2026 09:03:40 INFO  ============= Test Suite Started =============
08-07-2026 09:03:46 INFO  Browser Launched Successfully
08-07-2026 09:03:46 INFO  Browser : chrome
08-07-2026 09:03:49 INFO  Upcoming Bikes Menu Clicked Successfully
08-07-2026 09:03:49 INFO  Scrolled To Upcoming Bikes By Body Type Section
08-07-2026 09:03:49 INFO  Total Body Types Found : 4
08-07-2026 09:03:49 INFO  Body Type 1 : Cruiser
08-07-2026 09:03:49 INFO  ==============================
08-07-2026 09:03:49 INFO  Body Type 2 : Commuter
08-07-2026 09:03:49 INFO  ==============================
08-07-2026 09:03:49 INFO  Body Type 3 : Scooters
08-07-2026 09:03:49 INFO  ==============================
08-07-2026 09:03:49 INFO  Body Type 4 : Sports
08-07-2026 09:03:49 INFO  ==============================
08-07-2026 09:03:49 INFO  Total Body Types Printed : 4
08-07-2026 09:03:49 INFO  Upcoming Bikes By Body Type Printed Successfully
08-07-2026 09:03:49 INFO  TC_08 Completed Successfully
08-07-2026 09:03:49 INFO  ============= Test Suite Execution Completed =============
08-07-2026 09:03:52 INFO  Browser Closed Successfully
08-07-2026 09:03:52 INFO  ============= Test Suite Started =============
08-07-2026 09:03:58 INFO  Browser Launched Successfully
08-07-2026 09:03:58 INFO  Browser : chrome
08-07-2026 09:03:58 INFO  Used Cars Validation Started
08-07-2026 09:04:02 INFO  Current URL : https://www.zigwheels.com/used-car
08-07-2026 09:04:02 INFO  Used Cars Section Loaded Successfully
08-07-2026 09:04:02 INFO  ============= Test Suite Execution Completed =============
08-07-2026 09:04:05 INFO  Browser Closed Successfully
08-07-2026 09:04:05 INFO  ============= Test Suite Started =============
08-07-2026 09:04:09 INFO  Browser Launched Successfully
08-07-2026 09:04:09 INFO  Browser : chrome
08-07-2026 09:04:09 INFO  Chennai City Selection Validation Started
08-07-2026 09:04:12 INFO  Used Cars Page Opened Successfully
08-07-2026 09:04:13 INFO  Current URL : https://www.zigwheels.com/used-car/Chennai
08-07-2026 09:04:13 INFO  Chennai City Selected Successfully
08-07-2026 09:04:13 INFO  ============= Test Suite Execution Completed =============
08-07-2026 09:04:17 INFO  Browser Closed Successfully
08-07-2026 09:04:17 INFO  ============= Test Suite Started =============
08-07-2026 09:04:22 INFO  Browser Launched Successfully
08-07-2026 09:04:22 INFO  Browser : chrome
08-07-2026 09:04:22 INFO  Popular Models Validation Started
08-07-2026 09:04:26 INFO  Used Cars Page Opened Successfully
08-07-2026 09:04:26 INFO  Chennai City Selected Successfully
08-07-2026 09:05:06 INFO  Car Details Written To Excel Successfully
08-07-2026 09:05:06 INFO  ============= Test Suite Execution Completed =============
08-07-2026 09:05:14 INFO  Browser Closed Successfully
08-07-2026 09:05:14 INFO  ============= Test Suite Started =============
08-07-2026 09:05:22 INFO  Browser Launched Successfully
08-07-2026 09:05:22 INFO  Browser : chrome
08-07-2026 09:05:22 INFO  Under 3 Lakh Cars Validation Started
08-07-2026 09:05:26 INFO  Used Cars Page Opened Successfully
08-07-2026 09:05:27 INFO  Chennai City Selected Successfully
08-07-2026 09:09:42 INFO  ============= Test Suite Started =============
08-07-2026 09:09:52 INFO  Browser Launched Successfully
08-07-2026 09:09:52 INFO  Browser : chrome
08-07-2026 09:09:52 INFO  ============= Test Suite Execution Completed =============
08-07-2026 09:09:56 INFO  Browser Closed Successfully
08-07-2026 09:09:56 INFO  ============= Test Suite Started =============
08-07-2026 09:10:05 INFO  Browser Launched Successfully
08-07-2026 09:10:05 INFO  Browser : chrome
08-07-2026 09:10:05 INFO  Upcoming Bikes Validation Started
08-07-2026 09:10:08 INFO  Upcoming Bikes Menu Clicked Successfully
08-07-2026 09:10:08 INFO  Upcoming Bikes Page Loaded Successfully
08-07-2026 09:10:08 INFO  ============= Test Suite Execution Completed =============
08-07-2026 09:10:13 INFO  Browser Closed Successfully
08-07-2026 09:10:13 INFO  ============= Test Suite Started =============
08-07-2026 09:10:21 INFO  Browser Launched Successfully
08-07-2026 09:10:21 INFO  Browser : chrome
08-07-2026 09:10:21 INFO  Honda Manufacturer Filter Validation Started
08-07-2026 09:10:24 INFO  Upcoming Bikes Menu Clicked Successfully
08-07-2026 09:10:24 INFO  Scrolled To Upcoming Bikes By Brand Section
08-07-2026 09:10:27 INFO  Honda Brand Clicked Successfully
08-07-2026 09:10:40 INFO  ============= Test Suite Execution Completed =============
08-07-2026 09:10:51 INFO  ============= Test Suite Started =============
08-07-2026 09:11:00 INFO  Browser Launched Successfully
08-07-2026 09:11:00 INFO  Browser : chrome
08-07-2026 09:11:00 INFO  ============= Test Suite Execution Completed =============
08-07-2026 09:11:04 INFO  Browser Closed Successfully
08-07-2026 09:11:04 INFO  ============= Test Suite Started =============
08-07-2026 09:11:12 INFO  Browser Launched Successfully
08-07-2026 09:11:12 INFO  Browser : chrome
08-07-2026 09:11:12 INFO  Upcoming Bikes Validation Started
08-07-2026 09:11:15 INFO  Upcoming Bikes Menu Clicked Successfully
08-07-2026 09:11:16 INFO  Upcoming Bikes Page Loaded Successfully
08-07-2026 09:11:16 INFO  ============= Test Suite Execution Completed =============
08-07-2026 09:11:21 INFO  Browser Closed Successfully
08-07-2026 09:11:21 INFO  ============= Test Suite Started =============
08-07-2026 09:11:29 INFO  Browser Launched Successfully
08-07-2026 09:11:29 INFO  Browser : chrome
08-07-2026 09:11:29 INFO  Honda Manufacturer Filter Validation Started
08-07-2026 09:11:32 INFO  Upcoming Bikes Menu Clicked Successfully
08-07-2026 09:11:32 INFO  Scrolled To Upcoming Bikes By Brand Section
08-07-2026 09:11:35 INFO  Honda Brand Clicked Successfully
08-07-2026 09:11:43 INFO  Honda Bike Details Written To Excel Successfully
08-07-2026 09:11:43 INFO  ============= Test Suite Execution Completed =============
08-07-2026 09:11:51 INFO  Browser Closed Successfully
08-07-2026 09:11:51 INFO  ============= Test Suite Started =============
08-07-2026 09:12:00 INFO  Browser Launched Successfully
08-07-2026 09:12:00 INFO  Browser : chrome
08-07-2026 09:12:00 INFO  Under 4 Lakhs Bikes Validation Started
08-07-2026 09:12:03 INFO  Upcoming Bikes Menu Clicked Successfully
08-07-2026 09:12:11 INFO  Honda Bike Details Written To Excel Successfully
08-07-2026 09:12:21 INFO  Under 4 Lakhs Bikes Written To Excel Successfully
08-07-2026 09:12:21 INFO  ============= Test Suite Execution Completed =============
08-07-2026 09:12:28 INFO  Browser Closed Successfully
08-07-2026 09:12:28 INFO  ============= Test Suite Started =============
08-07-2026 09:12:37 INFO  Browser Launched Successfully
08-07-2026 09:12:37 INFO  Browser : chrome
08-07-2026 09:12:37 INFO  Popular Bikes Validation Started
08-07-2026 09:12:40 INFO  Upcoming Bikes Menu Clicked Successfully
08-07-2026 09:12:41 INFO  Bike Name : Hero Splendor Plus
08-07-2026 09:12:41 INFO  Price : Rs. 77,557
08-07-2026 09:12:41 INFO  =================================
08-07-2026 09:12:41 INFO  Bike Name : Royal Enfield Classic 350
08-07-2026 09:12:41 INFO  Price : Rs. 1.87 Lakh
08-07-2026 09:12:41 INFO  =================================
08-07-2026 09:12:41 INFO  Bike Name : Yamaha R15 V4
08-07-2026 09:12:41 INFO  Price : Rs. 1.71 Lakh
08-07-2026 09:12:41 INFO  =================================
08-07-2026 09:12:41 INFO  Bike Name : TVS Raider
08-07-2026 09:12:41 INFO  Price : Rs. 82,860
08-07-2026 09:12:41 INFO  =================================
08-07-2026 09:12:41 INFO  Bike Name : Royal Enfield Bullet 350
08-07-2026 09:12:41 INFO  Price : Rs. 1.66 Lakh
08-07-2026 09:12:41 INFO  =================================
08-07-2026 09:12:41 INFO  Popular Bikes Printed Successfully
08-07-2026 09:12:41 INFO  ============= Test Suite Execution Completed =============
08-07-2026 09:12:47 INFO  Browser Closed Successfully
08-07-2026 09:12:47 INFO  ============= Test Suite Started =============
08-07-2026 09:12:55 INFO  Browser Launched Successfully
08-07-2026 09:12:55 INFO  Browser : chrome
08-07-2026 09:12:55 INFO  Scooters Only Validation Started
08-07-2026 09:12:58 INFO  Upcoming Bikes Menu Clicked Successfully
08-07-2026 09:12:58 INFO  Scrolled To Upcoming Bikes By Brand Section
08-07-2026 09:13:00 INFO  Honda Brand Clicked Successfully
08-07-2026 09:13:10 INFO  Scooters Only Filter Clicked Successfully
08-07-2026 09:13:10 INFO  Honda ADV 160
Rs. 1.55 Lakh
Expected Launch : Dec 2026
Alert Me When Launched
08-07-2026 09:13:10 INFO  ================================
08-07-2026 09:13:10 INFO  Honda Forza 350
Rs. 3.70 Lakh
Expected Launch : Unrevealed
Alert Me When Launched
08-07-2026 09:13:10 INFO  ================================
08-07-2026 09:13:10 INFO  Honda PCX160
Rs. 1.20 Lakh
Expected Launch : Unrevealed
Alert Me When Launched
08-07-2026 09:13:10 INFO  ================================
08-07-2026 09:13:11 INFO  Honda Motocompacto
Price To Be Announced
Expected Launch : Unrevealed
Alert Me When Launched
08-07-2026 09:13:11 INFO  ================================
08-07-2026 09:13:11 INFO  Honda Activa 7G
Rs. 79,000
Expected Launch : Unrevealed
Alert Me When Launched
08-07-2026 09:13:11 INFO  ================================
08-07-2026 09:13:11 INFO  Honda SH125i
Price To Be Announced
Expected Launch : Unrevealed
Alert Me When Launched
08-07-2026 09:13:11 INFO  ================================
08-07-2026 09:13:11 INFO  Scooters Details Printed Successfully
08-07-2026 09:13:11 INFO  ============= Test Suite Execution Completed =============
08-07-2026 09:13:17 INFO  Browser Closed Successfully
08-07-2026 09:13:17 INFO  ============= Test Suite Started =============
08-07-2026 09:13:25 INFO  Browser Launched Successfully
08-07-2026 09:13:25 INFO  Browser : chrome
08-07-2026 09:13:25 INFO  TC_07 Started - Alert Me Button Validation
08-07-2026 09:13:28 INFO  Upcoming Bikes Menu Clicked Successfully
08-07-2026 09:13:28 INFO  Scrolled To Upcoming Bikes By Brand Section
08-07-2026 09:13:32 INFO  Honda Brand Clicked Successfully
08-07-2026 09:13:32 INFO  Scooters Only Filter Clicked Successfully
08-07-2026 09:13:32 INFO  Alert Me Button Clicked Successfully
08-07-2026 09:13:33 INFO  Pincode Entered Successfully
08-07-2026 09:13:35 INFO  Pincode Suggestion Selected Successfully
08-07-2026 09:13:35 INFO  Full Name Entered Successfully
08-07-2026 09:13:35 INFO  Mobile Number Entered Successfully
08-07-2026 09:13:36 INFO  OTP Field Displayed Successfully
08-07-2026 09:13:36 INFO  Popup Closed Successfully
08-07-2026 09:13:36 INFO  ============= Test Suite Execution Completed =============
08-07-2026 09:13:43 INFO  Browser Closed Successfully
08-07-2026 09:13:43 INFO  ============= Test Suite Started =============
08-07-2026 09:13:52 INFO  Browser Launched Successfully
08-07-2026 09:13:52 INFO  Browser : chrome
08-07-2026 09:13:54 INFO  Upcoming Bikes Menu Clicked Successfully
08-07-2026 09:13:55 INFO  Scrolled To Upcoming Bikes By Body Type Section
08-07-2026 09:13:55 INFO  Total Body Types Found : 4
08-07-2026 09:13:55 INFO  Body Type 1 : Cruiser
08-07-2026 09:13:55 INFO  ==============================
08-07-2026 09:13:55 INFO  Body Type 2 : Commuter
08-07-2026 09:13:55 INFO  ==============================
08-07-2026 09:13:55 INFO  Body Type 3 : Scooters
08-07-2026 09:13:55 INFO  ==============================
08-07-2026 09:13:55 INFO  Body Type 4 : Sports
08-07-2026 09:13:55 INFO  ==============================
08-07-2026 09:13:55 INFO  Total Body Types Printed : 4
08-07-2026 09:13:55 INFO  Upcoming Bikes By Body Type Printed Successfully
08-07-2026 09:13:55 INFO  TC_08 Completed Successfully
08-07-2026 09:13:55 INFO  ============= Test Suite Execution Completed =============
08-07-2026 09:14:00 INFO  Browser Closed Successfully
08-07-2026 09:14:00 INFO  ============= Test Suite Started =============
08-07-2026 09:14:08 INFO  Browser Launched Successfully
08-07-2026 09:14:08 INFO  Browser : chrome
08-07-2026 09:14:08 INFO  Used Cars Validation Started
08-07-2026 09:14:12 INFO  Current URL : https://www.zigwheels.com/used-car
08-07-2026 09:14:12 INFO  Used Cars Section Loaded Successfully
08-07-2026 09:14:12 INFO  ============= Test Suite Execution Completed =============
08-07-2026 09:14:17 INFO  Browser Closed Successfully
08-07-2026 09:14:17 INFO  ============= Test Suite Started =============
08-07-2026 09:14:25 INFO  Browser Launched Successfully
08-07-2026 09:14:25 INFO  Browser : chrome
08-07-2026 09:14:25 INFO  Chennai City Selection Validation Started
08-07-2026 09:14:29 INFO  Used Cars Page Opened Successfully
08-07-2026 09:14:30 INFO  Current URL : https://www.zigwheels.com/used-car/Chennai
08-07-2026 09:14:30 INFO  Chennai City Selected Successfully
08-07-2026 09:14:30 INFO  ============= Test Suite Execution Completed =============
08-07-2026 09:14:35 INFO  Browser Closed Successfully
08-07-2026 09:14:35 INFO  ============= Test Suite Started =============
08-07-2026 09:14:43 INFO  Browser Launched Successfully
08-07-2026 09:14:43 INFO  Browser : chrome
08-07-2026 09:14:43 INFO  Popular Models Validation Started
08-07-2026 09:14:47 INFO  Used Cars Page Opened Successfully
08-07-2026 09:14:48 INFO  Chennai City Selected Successfully
08-07-2026 09:15:41 INFO  Car Details Written To Excel Successfully
08-07-2026 09:15:41 INFO  ============= Test Suite Execution Completed =============
08-07-2026 09:15:49 INFO  Browser Closed Successfully
08-07-2026 09:15:49 INFO  ============= Test Suite Started =============
08-07-2026 09:15:59 INFO  Browser Launched Successfully
08-07-2026 09:15:59 INFO  Browser : chrome
08-07-2026 09:15:59 INFO  Under 3 Lakh Cars Validation Started
08-07-2026 09:16:03 INFO  Used Cars Page Opened Successfully
08-07-2026 09:16:05 INFO  Chennai City Selected Successfully
08-07-2026 09:17:16 INFO  Car Details Written To Excel Successfully
08-07-2026 09:17:17 INFO  Under 3 Lakh Car : Hyundai i10 Sportz
08-07-2026 09:17:18 INFO  Under 3 Lakh Car : Hyundai i10 Sportz AT
08-07-2026 09:17:18 INFO  Under 3 Lakh Car : Honda City 1.5 EXI S
08-07-2026 09:17:19 INFO  Under 3 Lakh Car : Hyundai i10 Magna 1.2
08-07-2026 09:17:19 INFO  Under 3 Lakh Car : Hyundai i10 Asta
08-07-2026 09:17:19 INFO  Under 3 Lakh Car : Hyundai i10 Sportz
08-07-2026 09:17:20 INFO  Under 3 Lakh Car : Honda City 1.5 GXI
08-07-2026 09:17:20 INFO  Under 3 Lakh Car : Maruti Swift LDI
08-07-2026 09:17:20 INFO  Under 3 Lakh Car : Hyundai i10 Sportz
08-07-2026 09:17:20 INFO  Under 3 Lakh Car : Honda City 1.5 V AT
08-07-2026 09:17:21 INFO  Under 3 Lakh Car : Hyundai Santro Xing XO eRLX Euro II
08-07-2026 09:17:21 INFO  Under 3 Lakh Car : Hyundai i10 Sportz 1.2 AT
08-07-2026 09:17:21 INFO  Under 3 Lakh Car : Hyundai i10 Magna
08-07-2026 09:17:22 INFO  Under 3 Lakh Car : Hyundai i10 Sportz
08-07-2026 09:17:23 INFO  Under 3 Lakh Car : Hyundai i10 Sportz AT
08-07-2026 09:17:23 INFO  Under 3 Lakh Car : Honda City 1.5 EXI S
08-07-2026 09:17:24 INFO  Under 3 Lakh Car : Hyundai i10 Magna 1.2
08-07-2026 09:17:24 INFO  Under 3 Lakh Car : Hyundai i10 Asta
08-07-2026 09:17:24 INFO  Under 3 Lakh Car : Hyundai i10 Sportz
08-07-2026 09:17:25 INFO  Under 3 Lakh Car : Honda City 1.5 GXI
08-07-2026 09:17:25 INFO  Under 3 Lakh Car : Maruti Swift LDI
08-07-2026 09:17:25 INFO  Under 3 Lakh Car : Hyundai i10 Sportz
08-07-2026 09:17:25 INFO  Under 3 Lakh Car : Honda City 1.5 V AT
08-07-2026 09:17:26 INFO  Under 3 Lakh Car : Hyundai Santro Xing XO eRLX Euro II
08-07-2026 09:17:26 INFO  Under 3 Lakh Car : Hyundai i10 Sportz 1.2 AT
08-07-2026 09:17:26 INFO  Under 3 Lakh Car : Hyundai i10 Magna
08-07-2026 09:17:26 INFO  Under3LakhCars Sheet Created Successfully
08-07-2026 09:17:26 INFO  ============= Test Suite Execution Completed =============
08-07-2026 09:17:33 INFO  Browser Closed Successfully
08-07-2026 09:17:33 INFO  ============= Test Suite Started =============
08-07-2026 09:17:38 INFO  Browser Launched Successfully
08-07-2026 09:17:38 INFO  Browser : chrome
08-07-2026 09:17:38 INFO  Price Low To High Filter Validation Started
08-07-2026 09:17:46 INFO  Used Cars Page Opened Successfully
08-07-2026 09:17:48 INFO  Chennai City Selected Successfully
08-07-2026 09:18:38 INFO  Scrolled upto all the cards
08-07-2026 09:18:39 INFO  Price Low To High Filter Applied Successfully
08-07-2026 09:18:42 INFO  ===== First 4 Cars After Sorting =====
08-07-2026 09:18:42 INFO  Car Name : Honda City 1.5 GXI
08-07-2026 09:18:42 INFO  Price : Rs. 1.60 Lakh
08-07-2026 09:18:42 INFO  =================================
08-07-2026 09:18:42 INFO  Car Name : Hyundai Santro Xing XO eRLX Euro II
08-07-2026 09:18:42 INFO  Price : Rs. 1.85 Lakh
08-07-2026 09:18:42 INFO  =================================
08-07-2026 09:18:43 INFO  Car Name : Hyundai i10 Magna
08-07-2026 09:18:43 INFO  Price : Rs. 1.85 Lakh
08-07-2026 09:18:43 INFO  =================================
08-07-2026 09:18:43 INFO  Car Name : Hyundai i10 Sportz
08-07-2026 09:18:43 INFO  Price : Rs. 2.10 Lakh
08-07-2026 09:18:43 INFO  =================================
08-07-2026 09:18:43 INFO  Price Low To High Sorting Validation Passed
08-07-2026 09:18:43 INFO  ============= Test Suite Execution Completed =============
08-07-2026 09:18:50 INFO  Browser Closed Successfully
08-07-2026 09:18:50 INFO  ============= Test Suite Started =============
08-07-2026 09:18:59 INFO  Browser Launched Successfully
08-07-2026 09:18:59 INFO  Browser : chrome
08-07-2026 09:18:59 INFO  KM Driven Filter Validation Started
08-07-2026 09:19:03 INFO  Used Cars Page Opened Successfully
08-07-2026 09:19:04 INFO  Chennai City Selected Successfully
08-07-2026 09:19:38 INFO  Scrolled upto all the cards
08-07-2026 09:19:39 INFO  Price Low To High Filter Applied
08-07-2026 09:19:39 INFO  Less Than 5K Filter Applied Successfully
08-07-2026 09:19:39 INFO  KM Driven Filter Validation Passed
08-07-2026 09:19:42 INFO  ZigWheels Logo Clicked Successfully
08-07-2026 09:19:42 INFO  ============= Test Suite Execution Completed =============
08-07-2026 09:19:50 INFO  Browser Closed Successfully
08-07-2026 09:19:50 INFO  ============= Test Suite Started =============
08-07-2026 09:19:59 INFO  Browser Launched Successfully
08-07-2026 09:19:59 INFO  Browser : chrome
08-07-2026 09:19:59 INFO  Google Login Button Validation Started
08-07-2026 09:19:59 INFO  Login/Register Button Clicked Successfully
08-07-2026 09:20:00 INFO  Google Sign-In Button Displayed Successfully
08-07-2026 09:20:00 INFO  Google Login Button Validation Passed
08-07-2026 09:20:00 INFO  ============= Test Suite Execution Completed =============
08-07-2026 09:20:05 INFO  Browser Closed Successfully
08-07-2026 09:20:05 INFO  ============= Test Suite Started =============
08-07-2026 09:20:14 INFO  Browser Launched Successfully
08-07-2026 09:20:14 INFO  Browser : chrome
08-07-2026 09:20:14 INFO  Invalid Email Validation Started
08-07-2026 09:20:14 INFO  Login/Register Button Clicked Successfully
08-07-2026 09:20:15 INFO  Google Login Button Clicked And Switched To OAuth Window
08-07-2026 09:20:20 INFO  Invalid Email Entered Successfully
08-07-2026 09:20:20 INFO  Captured Error Message : Enter a valid email or phone number
08-07-2026 09:20:21 INFO  Invalid Email Error Message Validated Successfully
08-07-2026 09:20:21 INFO  Invalid Email Validation Passed
08-07-2026 09:20:21 INFO  ============= Test Suite Execution Completed =============
08-07-2026 09:20:28 INFO  Browser Closed Successfully
08-07-2026 09:20:28 INFO  ============= Test Suite Started =============
08-07-2026 09:20:37 INFO  Browser Launched Successfully
08-07-2026 09:20:37 INFO  Browser : chrome
08-07-2026 09:20:37 INFO  Invalid Phone Number Validation Started
08-07-2026 09:20:37 INFO  Login/Register Button Clicked Successfully
08-07-2026 09:20:38 INFO  Google Login Button Clicked And Switched To OAuth Window
08-07-2026 09:20:43 INFO  Invalid Phone Number Entered Successfully
08-07-2026 09:20:53 INFO  Captured Error Message : Enter a valid email or phone number
08-07-2026 09:20:53 INFO  Phone Validation Message Captured Successfully
08-07-2026 09:20:53 INFO  ============= Test Suite Execution Completed =============
08-07-2026 09:21:00 INFO  Browser Closed Successfully
08-07-2026 09:21:00 INFO  ============= Test Suite Started =============
08-07-2026 09:21:09 INFO  Browser Launched Successfully
08-07-2026 09:21:09 INFO  Browser : chrome
08-07-2026 09:21:09 INFO  Valid Email Validation Started
08-07-2026 09:21:09 INFO  Login/Register Button Clicked Successfully
08-07-2026 09:21:10 INFO  Google Login Window Opened Successfully
08-07-2026 09:21:14 INFO  Valid Email Entered Successfully
08-07-2026 09:21:14 INFO  Valid Email Validation Passed
08-07-2026 09:21:14 INFO  ============= Test Suite Execution Completed =============
08-07-2026 09:21:19 INFO  Browser Closed Successfully
08-07-2026 09:21:19 INFO  ============= Test Suite Started =============
08-07-2026 09:21:28 INFO  Browser Launched Successfully
08-07-2026 09:21:28 INFO  Browser : chrome
08-07-2026 09:21:28 INFO  Invalid Password Validation Started
08-07-2026 09:21:29 INFO  Login/Register Button Clicked Successfully
08-07-2026 09:21:32 INFO  Google Login Window Opened Successfully
08-07-2026 09:21:39 INFO  Valid Email Entered Successfully
08-07-2026 09:21:43 INFO  Invalid Password Entered Successfully
08-07-2026 09:21:53 INFO  Captured Error Message : Wrong password. Try again or click "Try another way" for more options.
08-07-2026 09:21:53 INFO  Invalid Password Error Message Validated Successfully
08-07-2026 09:21:53 INFO  Invalid Password Validation Passed
08-07-2026 09:21:53 INFO  ============= Test Suite Execution Completed =============
08-07-2026 09:21:59 INFO  Browser Closed Successfully
08-07-2026 09:21:59 INFO  ============= Test Suite Started =============
08-07-2026 09:22:09 INFO  Browser Launched Successfully
08-07-2026 09:22:09 INFO  Browser : chrome
08-07-2026 09:22:09 INFO  Valid Password Validation Started
08-07-2026 09:22:09 INFO  Login/Register Button Clicked Successfully
08-07-2026 09:22:10 INFO  Google Login Window Opened Successfully
08-07-2026 09:22:14 INFO  Valid Email Entered Successfully
08-07-2026 09:22:18 INFO  Valid Password Entered Successfully
08-07-2026 09:22:18 INFO  Valid Password Validation Passed
08-07-2026 09:22:18 INFO  ============= Test Suite Execution Completed =============
08-07-2026 09:22:25 INFO  Browser Closed Successfully
08-07-2026 09:22:25 INFO  ============= Test Suite Started =============
08-07-2026 09:22:34 INFO  Browser Launched Successfully
08-07-2026 09:22:34 INFO  Browser : chrome
08-07-2026 09:22:37 INFO  Upcoming Bikes Menu Clicked Successfully
08-07-2026 09:22:37 INFO  Scrolled To Upcoming Bikes By Brand Section
08-07-2026 09:22:41 INFO  Honda Brand Clicked Successfully
08-07-2026 09:22:41 INFO  Scrolled To Upcoming Honda Bikes FAQs Section
08-07-2026 09:22:41 INFO  Total FAQ Questions Found : 6
08-07-2026 09:22:41 INFO  FAQ 1 : What are the upcoming honda bikes in India 2026?
08-07-2026 09:22:41 INFO  ================================
08-07-2026 09:22:41 INFO  FAQ 2 : What are the upcoming honda commuter bikes in India?
08-07-2026 09:22:41 INFO  ================================
08-07-2026 09:22:41 INFO  FAQ 3 : What are the upcoming honda scooters in India?
08-07-2026 09:22:41 INFO  ================================
08-07-2026 09:22:41 INFO  FAQ 4 : What are the upcoming honda sports bikes in India?
08-07-2026 09:22:41 INFO  ================================
08-07-2026 09:22:41 INFO  FAQ 5 : What are the upcoming honda cruiser bikes in India?
08-07-2026 09:22:41 INFO  ================================
08-07-2026 09:22:41 INFO  FAQ 6 : What are the upcoming honda bikes under 1 lakh?
08-07-2026 09:22:41 INFO  ================================
08-07-2026 09:22:41 INFO  Total FAQ Questions Printed : 6
08-07-2026 09:22:41 INFO  All FAQ Questions Printed Successfully
08-07-2026 09:22:43 INFO  ZigWheels Logo Clicked Successfully
08-07-2026 09:22:43 INFO  ============= Test Suite Execution Completed =============
08-07-2026 09:22:50 INFO  Browser Closed Successfully
